Title,Price,Address,Beds,Neighborhood,Latitude,Longitude
Common Addams,$858,"1407 W 15th St, Chicago, IL 60608",2-4 Bed,Little Italy,41.8614943,-87.66181569999999
"Landmark West Loop, Chicago, IL","$1,850","1035 W Van Buren St, Chicago, IL 60607",Studio - 2 Bed,West Loop,41.8763112,-87.6541817
"The Van Buren, Chicago, IL","$2,215","808 W Van Buren St, Chicago, IL 60607",Studio - 2 Bed,West Loop,41.8768963,-87.64752299999999
"milieu, Chicago, IL","$1,977","205 S Peoria, Chicago, IL 60607",Studio - 2 Bed,West Loop,41.878992,-87.6494311
"the Duncan, Chicago, IL","$1,146","1515 W Monroe St, Chicago, IL 60607",Studio - 1 Bed,West Loop,41.8797943,-87.6654303
"JeffJack Apartments, Chicago, IL","$1,589","601 W Jackson Blvd, Chicago, IL 60661",Studio - 2 Bed,West Loop,41.8778715,-87.6427867
"Gateway West Loop, Chicago, IL","$1,711","11 S Green St, Chicago, IL 60607",Studio - 2 Bed,West Loop,41.8815112,-87.6482858
"Union West, Chicago, IL","$1,428","939 W Washington Blvd, Chicago, IL 60607",Studio - 3 Bed,West Loop,41.883056,-87.65131389999999
"727 West Madison, Chicago, IL","$1,835","727 W Madison St, Chicago, IL 60661",Studio - 3 Bed,West Loop,41.8814312,-87.6467828
"Presidential Towers, Chicago, IL","$1,370","555 W Madison St, Chicago, IL 60661",Studio - 2 Bed,West Loop,41.8810993,-87.6419262
"The Parker Fulton Market, Chicago, IL","$1,804","730 W Couch Pl, Chicago, IL 60661",Studio - 3 Bed,West Loop,41.8852033,-87.64710099999999
"The Cooper, Chicago, IL","$1,600","720 S Wells St, Chicago, IL 60607",Studio - 3 Bed,Chicago Loop,41.8725605,-87.6339106
"Alta Grand Central, Chicago, IL","$1,607","221 W Harrison St, Chicago, IL 60605",Studio - 2 Bed,Chicago Loop,41.87445049999999,-87.6340061
"Alta Roosevelt, Chicago, IL","$1,721","801 S Financial Pl, Chicago, IL 60605",Studio - 3 Bed,Chicago Loop,41.8717122,-87.6324862
"Emme Chicago, Chicago, IL","$1,822","165 N Desplaines St, Chicago, IL 60661",Studio - 2 Bed,West Loop,41.8850114,-87.6440278
"330 S Wells, Chicago, IL","$1,625","330 S Wells St, Chicago, IL 60606",Studio - 1 Bed,Chicago Loop,41.8771327,-87.6338681
"AMLI Lofts, Chicago, IL","$1,727","850 S Clark St, Chicago, IL 60605",Studio - 2 Bed,Chicago Loop,41.8713415,-87.6312092
"Burnham Pointe, Chicago, IL","$1,974","730 S Clark St, Chicago, IL 60605",1-2 Bed,Chicago Loop,41.8724966,-87.6309198
"Imprint, Chicago, IL","$1,600","717 S Clark St, Chicago, IL 60605",Studio - 4 Bed,Chicago Loop,41.8730183,-87.630588
"K2 Apartments, Chicago, IL","$1,699","365 N Halsted St, Chicago, IL 60661",Studio - 3 Bed,West Town,41.8887123,-87.64662489999999
"731 South, Chicago, IL","$1,649","731 S Plymouth Ct, Chicago, IL 60605",1-2 Bed,Chicago Loop,41.8727581,-87.62835539999999
"Millennium on LaSalle, Chicago, IL","$1,660","29 S LaSalle St, Chicago, IL 60603",Studio - 2 Bed,Chicago Loop,41.8811582,-87.63163139999999
"Fisher Building City Apartments, Chicago, IL","$1,600","343 S Dearborn St, Chicago, IL 60604",Studio - 3 Bed,Chicago Loop,41.8772287,-87.6290111
"1001 South State, Chicago, IL","$1,700","1001 S State St, Chicago, IL 60605",Studio - 3 Bed,Chicago Loop,41.8700172,-87.62704509999999
"777 South State, Chicago, IL","$1,575","2 E 8th St, Chicago, IL 60605",Studio - 3 Bed,Chicago Loop,41.8719796,-87.62721599999999
"Alta at K Station, Chicago, IL","$1,427","555 W Kinzie St, Chicago, IL 60654",Studio - 3 Bed,West Loop,41.8887067,-87.64184860000002
"Wolf Point West, Chicago, IL","$1,811","343 W Wolf Point Plz, Chicago, IL 60654",Studio - 3 Bed,River North,41.8876107,-87.6382953
"Eleven40, Chicago, IL","$1,585","1136-1140 S Wabash Ave, Chicago, IL 60605",Studio - 2 Bed,Chicago Loop,41.8680554,-87.62631019999999
"Linea Apartments, Chicago, IL","$1,969","215 W Lake St, Chicago, IL 60606",Studio - 3 Bed,Chicago Loop,41.885569,-87.63473669999999
"Century Tower, Chicago, IL","$1,560","182 W Lake St, Chicago, IL 60601",Studio - 3 Bed,Chicago Loop,41.8860525,-87.6336358
"820 South, Chicago, IL","$1,449","820 S Michigan Ave, Chicago, IL 60605",Studio - 2 Bed,Chicago Loop,41.8710963,-87.6249236
"Essex on the Park, Chicago, IL","$1,810","808 S Michigan Ave, Chicago, IL 60605",Studio - 4 Bed,Chicago Loop,41.8714913,-87.6245734
"ELEVEN THIRTY, Chicago, IL","$1,306","1130 S Michigan Ave, Chicago, IL 60605",Studio - 2 Bed,Chicago Loop,41.8685662,-87.624423
"Coeval, Chicago, IL","$1,525","51 E 14th St, Chicago, IL 60605",Studio - 2 Bed,Near South Side,41.86396209999999,-87.625354
"The Paragon, Chicago, IL","$1,870","1326 S Michigan Ave, Chicago, IL 60605",Studio - 3 Bed,Near South Side,41.8649248,-87.6246539
"NEMA Chicago, Chicago, IL","$1,921","1210 S Indiana Ave, Chicago, IL 60605",Studio - 4 Bed,Near South Side,41.8670646,-87.6231114
"1407 On Michigan, Chicago, IL","$1,600","1407 S Michigan Ave, Chicago, IL 60605",Studio - 3 Bed,Near South Side,41.8637648,-87.62382559999999
"Marquee at Block 37, Chicago, IL","$1,677","25 W Randolph St, Chicago, IL 60601",Studio - 3 Bed,Chicago Loop,41.8837041,-87.6286628
"Spoke, Chicago, IL","$1,775","728 N Morgan St, Chicago, IL 60642",Studio - 2 Bed,West Town,41.8955126,-87.6530417
"EnV Chicago, Chicago, IL","$1,710","161 W Kinzie St, Chicago, IL 60654",Studio - 2 Bed,River North,41.8887714,-87.63363849999999
"Hubbard 221, Chicago, IL","$1,725","221 W Hubbard St, Chicago, IL 60654",Studio - 3 Bed,River North,41.8897164,-87.6349101
"River North Park Apartments, Chicago, IL","$1,500","320 W Illinois St, Chicago, IL 60654",Studio - 2 Bed,River North,41.8909349,-87.6364378
"Oakwood Residence Chicago River North, Chicago, IL","$2,000","220 W Illinois St, Chicago, IL 60654",Studio - 2 Bed,River North,41.8909921,-87.6348707
"MDA City Club Apartments, Chicago, IL","$1,600","63 E Lake St, Chicago, IL 60601",Studio - 2 Bed,Chicago Loop,41.88558099999999,-87.6257005
"AMLI River North, Chicago, IL","$1,831","71 W Hubbard St, Chicago, IL 60654",Studio - 3 Bed,River North,41.889799,-87.6307484
"73 East Lake, Chicago, IL","$2,105","73 E Lake St, Chicago, IL 60601",Studio - 2 Bed,Chicago Loop,41.8854911,-87.6255006
"MILA, Chicago, IL","$1,651","201 N Garland Ct, Chicago, IL 60601",Studio - 2 Bed,Chicago Loop,41.8860679,-87.6249653
"Marlowe, Chicago, IL","$1,812","169 W Huron St, Chicago, IL 60654",Studio - 2 Bed,River North,41.8943837,-87.63386659999999
"GRAND PLAZA, Chicago, IL","$1,810","540 N State St, Chicago, IL 60654",Studio - 2 Bed,River North,41.8920495,-87.6282456
"Aqua at Lakeshore East, Chicago, IL","$1,686","225 N Columbus Dr, Chicago, IL 60601",Studio - 2 Bed,Chicago Loop,41.8865691,-87.61988989999999
"One Superior Place, Chicago, IL","$1,579","1 W Superior St, Chicago, IL 60654",Studio - 2 Bed,River North,41.8954527,-87.62892959999999
"Coast at Lakeshore East, Chicago, IL","$1,565","345 E Wacker Dr, Chicago, IL 60601",Studio - 3 Bed,Chicago Loop,41.8873544,-87.6184045
"The Tides at Lakeshore East, Chicago, IL","$1,472","360 E South Water St, Chicago, IL 60601",Studio - 2 Bed,Chicago Loop,41.8866878,-87.6179825
"Aurelien, Chicago, IL","$2,174","833 N Clark St, Chicago, IL 60610",Studio - 3 Bed,Rush & Division,41.89742529999999,-87.63089509999999
"Optima Signature, Chicago, IL","$2,105","220 E Illinois St, Chicago, IL 60611",Studio - 3 Bed,Streeterville,41.8911248,-87.6214533
"The Shoreham at Lakeshore East, Chicago, IL","$1,447","400 E South Water St, Chicago, IL 60601",Studio - 2 Bed,Chicago Loop,41.8867601,-87.61682189999999
"North Water Apartments, Chicago, IL","$1,966","340 E North Water St, Chicago, IL 60611",Studio - 3 Bed,Streeterville,41.8897136,-87.6188114
"Xavier, Chicago, IL","$1,910","625 W Division St, Chicago, IL 60610",Studio - 2 Bed,Goose Island,41.9029299,-87.6441632
"Cityfront Place, Chicago, IL","$1,330","400 N McClurg Ct, Chicago, IL 60611",Studio - 2 Bed,Streeterville,41.8891807,-87.61808850000001
"Chestnut Place, Chicago, IL","$1,894","8 W Chestnut St, Chicago, IL 60610",1-2 Bed,Rush & Division,41.8982901,-87.6286962
"One East Delaware, Chicago, IL","$1,750","1 E Delaware Pl, Chicago, IL 60611",Studio - 2 Bed,Rush & Division,41.8989152,-87.6279765
"Lofts At River East, Chicago, IL","$2,035","401-465 E Illinois St, Chicago, IL 60611",Studio - 3 Bed,Streeterville,41.8909049,-87.61739229999999
"One Bennett Park, Chicago, IL","$3,460","514 N Peshtigo Ct, Chicago, IL 60611",1-3 Bed,Streeterville,41.8915248,-87.6155757
"420 E Ohio, Chicago, IL","$1,816","420 E Ohio St, Chicago, IL 60611",Studio - 3 Bed,Streeterville,41.89286449999999,-87.61651669999999
"Lake Shore Plaza, Chicago, IL","$1,400","445 E Ohio St, Chicago, IL 60611",Studio - 2 Bed,Streeterville,41.8921289,-87.6165553
"500 Lake Shore Drive, Chicago, IL","$1,950","500 N Lake Shore Dr, Chicago, IL 60611",Studio - 3 Bed,Streeterville,41.8916689,-87.61502999999999
"40 East Oak, Chicago, IL","$1,385","40 E Oak St, Chicago, IL 60611",Studio - 1 Bed,Gold Coast,41.9009024,-87.62678079999999
"Axis Apartments &amp; Lofts, Chicago, IL","$1,550","441 E Erie St, Chicago, IL 60611",Studio - 3 Bed,Streeterville,41.8941009,-87.6164642
"The Sinclair, Chicago, IL","$2,116","102 W Division St, Chicago, IL 60610",Studio - 4 Bed,Near North Side,41.9040943,-87.6317385
"Seneca, Chicago, IL","$1,254","200 E Chestnut St, Chicago, IL 60611",Studio - 2 Bed,Streeterville,41.8986235,-87.62137609999999
"14 West Elm Apartments, Chicago, IL","$1,250","14 W Elm St, Chicago, IL 60610",Studio - 2 Bed,Rush & Division,41.90335719999999,-87.6292395
"Gold Coast City Club Apartments, Chicago, IL","$1,520","860 N Dewitt Pl, Chicago, IL 60611",Studio - 2 Bed,Streeterville,41.8986092,-87.6206819
"850 Lake Shore Drive, Chicago, IL","$2,120","850 N Lake Shore Dr, Chicago, IL 60611",1-2 Bed,Streeterville,41.8982543,-87.61867459999999
"Cobbler Square Lofts, Chicago, IL","$1,580","1350 N Wells St, Chicago, IL 60610",Studio - 2 Bed,Near North Side,41.9072085,-87.6349367
"65 East Scott, Chicago, IL","$1,420","65 E Scott St, Chicago, IL 60610",Studio - 2 Bed,Gold Coast,41.9043812,-87.6261565
"1401 S. State, Chicago, IL","$1,645","1401 S State St, Chicago, IL 60605",Studio - 2 Bed,Near South Side,41.8634989,-87.62704269999999
"Aston, Chicago, IL","$1,985","200 E Illinois St, Chicago, IL 60611",1-3 Bed,Streeterville,41.8911616,-87.62226299999999
"SCIO AT THE MEDICAL DISTRICT, Chicago, IL","$1,436","901 S Ashland Ave, Chicago, IL 60607",Studio - 2 Bed,Little Italy,41.8707578,-87.665762
"The Otis, Chicago, IL","$1,850","1435 W 15th St, Chicago, IL 60608",1-2 Bed,Little Italy,41.86124,-87.663252
"Arkadia West Loop, Chicago, IL","$1,700","765 W Adams St, Chicago, IL 60661",Studio - 3 Bed,West Loop,41.879097,-87.646642
"Luxe on Madison, Chicago, IL","$1,895","1222 W Madison St, Chicago, IL 60607",Studio - 2 Bed,West Loop,41.8819658,-87.6578811
"The Madison at Racine, Chicago, IL","$1,884","1164-1212 W Madison St, Chicago, IL 60607",Studio - 2 Bed,West Loop,41.8818196,-87.6570283
"Porte, Chicago, IL","$2,170","855 W Madison St, Chicago, IL 60607",Studio - 3 Bed,West Loop,41.8817417,-87.64910569999999
"Circa 922, Chicago, IL","$1,805","922 W Washington Blvd, Chicago, IL 60607",Studio - 2 Bed,West Loop,41.8834462,-87.6505619
"Lake Street Lofts, Chicago, IL","$1,895","910 W Lake St, Chicago, IL 60607",1-2 Bed,Fulton Market,41.88577009999999,-87.6501425
"Wells Place Apartments, Chicago, IL","$2,334","837-839 S Wells St, Chicago, IL 60607",1-2 Bed,Chicago Loop,41.8713207,-87.63342449999999
"The Regal Apartments, Chicago, IL","$1,613","651 S Wells St, Chicago, IL 60607",1-3 Bed,Chicago Loop,41.8735574,-87.63336799999999
"Roosevelt Collection Lofts, Chicago, IL","$2,090","150 W Roosevelt Rd, Chicago, IL 60605",1-2 Bed,Chicago Loop,41.8683735,-87.63226139999999
"180 North Jefferson, Chicago, IL","$1,624","180 N Jefferson St, Chicago, IL 60661",Studio - 3 Bed,West Loop,41.8854531,-87.6429835
"AMLI 900, Chicago, IL","$1,553","900 S Clark St, Chicago, IL 60605",Studio - 3 Bed,Chicago Loop,41.87028919999999,-87.6310166
"1000 South Clark, Chicago, IL","$1,650","1000 S Clark St., Chicago, IL 60605",Studio - 3 Bed,Chicago Loop,41.86947929999999,-87.6312121
"Echelon Chicago, Chicago, IL","$1,704","353 N Desplaines St, Chicago, IL 60661",Studio - 2 Bed,West Loop,41.8883403,-87.643546
"215 West Apartments, Chicago, IL","$1,785","215 W Washington St, Chicago, IL 60606",Studio - 3 Bed,Chicago Loop,41.8828584,-87.63415789999999
"Left Bank, Chicago, IL","$1,779","300 N Canal St, Chicago, IL 60606",Studio - 3 Bed,West Loop,41.8873478,-87.6404615
"Astoria Tower, Chicago, IL","$1,549","8 E 9th St, Chicago, IL 60605",Studio - 2 Bed,Chicago Loop,41.8707732,-87.62707960000002
"Randolph Tower City Apartments, Chicago, IL","$1,565","188 W Randolph St, Chicago, IL 60601",Studio - 2 Bed,Chicago Loop,41.88487660000001,-87.6333689
"Wolf Point East, Chicago, IL","$1,880","313 W Wolf Point Plz, Chicago, IL 60654",Studio - 3 Bed,River North,41.88771819999999,-87.6369038
Infinite Chicago,$869,"28 E Jackson Blvd, Chicago, IL 60604",Studio - 4 Bed,Chicago Loop,41.8783571,-87.62650599999999
"Park Michigan - 1212 S Michigan Ave, Chicago, IL","$1,420","1212 S Michigan Ave, Chicago, IL 60605",Studio - 2 Bed,Near South Side,41.8669892,-87.6245727
"The Alfred, Chicago, IL","$1,710","30 E Adams St, Chicago, IL 60603",Studio - 2 Bed,Chicago Loop,41.8797621,-87.6266304
"SKY55, Chicago, IL","$1,995","1255 S Michigan Ave, Chicago, IL 60605",1-2 Bed,Near South Side,41.8660868,-87.6238149
"1251 S Michigan - Senior Living, Chicago, IL",$705,"1251 S Michigan Ave, Chicago, IL 60605",Studio - 1 Bed,Near South Side,41.866253,-87.6238066
"OneEleven, Chicago, IL","$1,823","111 W Wacker Dr, Chicago, IL 60601",Studio - 3 Bed,Chicago Loop,41.8865866,-87.63140659999999
"City Gardens - No Apartments Available, Chicago, IL",$895,"312 S Maplewood Ct, Chicago, IL 60612",1 Bed,Near West Side,41.8766513,-87.6906271
"Mondial River West, Chicago, IL","$1,850","910 W Huron St, Chicago, IL 60642",Studio - 4 Bed,West Town,41.8953434,-87.65044499999999
"Parc Huron, Chicago, IL","$2,196","469 W Huron St, Chicago, IL 60654",1-3 Bed,River North,41.8945135,-87.64122050000002
"Millennium Park Plaza, Chicago, IL","$1,695","151-155 N Michigan Ave, Chicago, IL 60601",Studio - 3 Bed,Chicago Loop,41.8849009,-87.6241759
"The Hudson, Chicago, IL","$2,125","750 N Hudson Ave, Chicago, IL 60654",1-3 Bed,River North,41.8962137,-87.64022519999999
"640 North Wells, Chicago, IL","$2,310","640 N Wells St, Chicago, IL 60654",Studio - 3 Bed,River North,41.89373730000001,-87.63444160000002
"The Gallery on Wells, Chicago, IL","$1,561","167 W Erie St, Chicago, IL 60654",Studio - 3 Bed,River North,41.8939621,-87.6337016
"The Ardus, Chicago, IL","$1,535","676 N La Salle Dr, Chicago, IL 60654",Studio - 1 Bed,River North,41.8945286,-87.63340520000001
"State and Grand, Chicago, IL","$1,940","505 N State St, Chicago, IL 60654",1-3 Bed,River North,41.8911047,-87.62704029999999
"Exhibit on Superior, Chicago, IL","$1,651","165 W Superior St, Chicago, IL 60654",Studio - 3 Bed,River North,41.8954256,-87.6336282
"Gramercy Row Apartments, Chicago, IL","$1,080","658-662 N Dearborn St, Chicago, IL 60654",Studio - 2 Bed,River North,41.8941975,-87.6299485
"west77, Chicago, IL","$1,535","77 W Huron, Chicago, IL 60654",Studio - 4 Bed,River North,41.894724,-87.6307346
"NEXT Apartments, Chicago, IL","$1,633","347 W Chestnut St, Chicago, IL 60610",Studio - 3 Bed,Near North Side,41.8979847,-87.6375246
"The Bush Temple, Chicago, IL","$1,450","108 W Chicago Ave, Chicago, IL 60654",Studio - 2 Bed,Near North,41.8967863,-87.6317246
"Niche 905, Chicago, IL","$2,036","905 N Orleans St, Chicago, IL 60610",Studio - 3 Bed,Near North,41.8991374,-87.6371083
"Residences at 8 East Huron, Chicago, IL","$2,427","8 E Huron St, Chicago, IL 60611",1-3 Bed,River North,41.8950138,-87.6279149
"100 West Chestnut Apartments, Chicago, IL","$1,774","100 W Chestnut St, Chicago, IL 60610",1-2 Bed,Near North,41.8981584,-87.6317313
"55 W. Chestnut, Chicago, IL","$1,652","55 W Chestnut St, Chicago, IL 60610",1 Bed,Rush & Division,41.8976433,-87.6303245
"The Bernardin, Chicago, IL","$2,039","747 N Wabash Ave, Chicago, IL 60611",Studio - 2 Bed,River North,41.8963585,-87.62667069999999
"465 North Park, Chicago, IL","$1,952","465 N Park Dr, Chicago, IL 60611",Studio - 3 Bed,Streeterville,41.8906295,-87.61902359999999
"The Chicagoan, CHICAGO, IL","$1,978","750 N RUSH St, CHICAGO, IL 60611",1-2 Bed,River North,41.8963109,-87.625849
"Two West, Chicago, IL","$3,635","2 W Delaware Pl, Chicago, IL 60610",1-5 Bed,Rush & Division,41.8992395,-87.6290868
"TWO Old Town Park, Chicago, IL","$2,073","202 W Hill St, Chicago, IL 60610",Studio - 3 Bed,Near North,41.9024688,-87.6350246
"Atrium at Old Town Park, Chicago, IL","$1,417","303 W Division St, Chicago, IL 60610",Studio - 2 Bed,Near North,41.9034431,-87.63614659999999
"McClurg Court, Chicago, IL","$1,485","333 E Ontario St, Chicago, IL 60611",Studio - 2 Bed,Streeterville,41.8932746,-87.61870979999999
"Dearborn Plaza, Chicago, IL",$965,"1030 N Dearborn St, Chicago, IL 60610",Studio,Rush & Division,41.9015162,-87.6301692
"1100 N Dearborn, Chicago, IL","$1,360","1100 N Dearborn St, Chicago, IL 60610",Studio - 2 Bed,Rush & Division,41.9020552,-87.6302015
"1111 N. Dearborn, Chicago, IL","$1,491","1111 N Dearborn Ave, Chicago, IL 60610",Studio - 3 Bed,Rush & Division,41.9020875,-87.62957279999999
"Dearborn North, Chicago, IL","$1,100","1117 N Dearborn St, Chicago, IL 60610",Studio - 1 Bed,Rush & Division,41.9024331,-87.62955099999999
"The Chatelaine, Chicago, IL","$2,000","215 E Chestnut St, Chicago, IL 60611",1-4 Bed,Streeterville,41.8982146,-87.6212797
"1225 Old Town, Chicago, IL",Call for Rent,"1225 N Wells St, Chicago, IL 60610",Studio - 3 Bed,Near North Side,41.9047108,-87.6343403
"Park Dearborn, Chicago, IL","$1,195","1260 N Dearborn St, Chicago, IL 60610",Studio - 1 Bed,Gold Coast,41.9056364,-87.630473
"Reside on Jackson, Chicago, IL","$2,145","1241 W Jackson Blvd, Chicago, IL 60607",1-3 Bed,West Loop,41.8776134,-87.65850689999999
"The Aberdeen West Loop, Chicago, IL","$1,565","4-22 N Aberdeen St, Chicago, IL 60607",Studio - 3 Bed,West Loop,41.8895747,-87.6549077
"1313 Randolph Street Lofts, Chicago, IL","$1,721","1313 W Randolph St, Chicago, IL 60607",Studio - 2 Bed,West Loop,41.8838597,-87.6594231
"The Lofts at Gin Alley, Chicago, IL","$2,099","120 N Green St, Chicago, IL 60607",Studio - 3 Bed,West Loop,41.8840188,-87.6490098
"Westhaven Park, Chicago, IL",$770,"1949 W Lake St, Chicago, IL 60612",1-3 Bed,Near West Side,41.8848129,-87.6761586
"TRIO Apartments, Chicago, IL","$2,060","670 W Wayman St, Chicago, IL 60661",1-3 Bed,West Loop,41.887525,-87.6454396
"Reside on Green Street, Chicago, IL","$1,678","504 N Green St, Chicago, IL 60642",Studio - 3 Bed,West Town,41.8914503,-87.6489302
"One 333, Chicago, IL","$1,866","1333 S Wabash Ave, Chicago, IL 60605",1-3 Bed,Near South Side,41.8648568,-87.6251939
"Hubbard Place, Chicago, IL","$1,736","360 W Hubbard St, Chicago, IL 60654",Studio - 2 Bed,River North,41.8904527,-87.6384185
"Luxe on Chicago, Chicago, IL","$1,635","1838 W Chicago Ave, Chicago, IL 60622",Studio - 3 Bed,West Town,41.8962042,-87.6737163
"440 N. Wabash Ave., Chicago, IL","$1,495","440 N Wabash Ave, Chicago, IL 60611",Studio - 2 Bed,River North,41.8903291,-87.6269895
"Columbus Plaza, Chicago, IL","$1,568","233 E Wacker Dr, Chicago, IL 60601",Studio - 2 Bed,Chicago Loop,41.8876107,-87.62121739999999
"10 E. Ontario St., Chicago, IL","$1,975","10 E Ontario St, Chicago, IL 60611",Studio - 2 Bed,River North,41.8935802,-87.6274222
"Asbury Plaza, Chicago, IL","$1,622","750 N Dearborn St, Chicago, IL 60654",Studio - 2 Bed,River North,41.8962865,-87.63028369999999
"Chestnut Tower, Chicago, IL","$1,804","121 W Chestnut St, Chicago, IL 60610",Studio - 3 Bed,Near North,41.8974162,-87.6324468
"Chestnut Row Homes, Chicago, IL","$15,000","111 W Chestnut St, Chicago, IL 60610",4 Bed,Near North,41.8978504,-87.63188339999999
"North Harbor Tower, Chicago, IL","$1,515","175 N Harbor Dr, Chicago, IL 60601",Studio - 3 Bed,Chicago Loop,41.885437,-87.6154715
"State &amp; Chestnut, Chicago, IL","$1,960","845 N State St, Chicago, IL 60610",Studio - 2 Bed,Rush & Division,41.89811210000001,-87.6279069
"The Streeter, Chicago, IL","$1,637","345 E Ohio St, Chicago, IL 60611",Studio - 3 Bed,Streeterville,41.8921031,-87.6191022
"Sienna, Chicago, IL","$2,200","423 W Ohio St, Chicago, IL 60611",1-2 Bed,River North,41.8920809,-87.639623
"1120 N. LaSalle, Chicago, IL","$1,458","1120 LaSalle Dr, Chicago, IL 60610",Studio - 2 Bed,Near North,41.90253939999999,-87.6331263
"ONE Old Town Park, Chicago, IL","$1,690","1140 N Wells St, Chicago, IL 60610",Studio - 3 Bed,Near North,41.903233,-87.63487099999999
"The Oliver on LaSalle, Chicago, IL","$1,100","1140 N Lasalle St, Chicago, IL 60610",Studio - 1 Bed,Near North,41.9032161,-87.63363629999999
"Elm Street Plaza, Chicago, IL","$1,545","1130 N Dearborn St, Chicago, IL 60610",Studio - 2 Bed,Rush & Division,41.90291269999999,-87.6302443
"The Scott Residences, Chicago, IL","$2,065","211 W Scott St, Chicago, IL 60610",Studio - 3 Bed,Near North Side,41.9047802,-87.63504789999999
"The Clark, Chicago, IL","$1,700","1201 N Clark St, Chicago, IL 60610",Studio - 2 Bed,Gold Coast,41.9041674,-87.6309337
"1325 N. Wells, Chicago, IL","$2,295","1325 N Wells St, Chicago, IL 60610",1-2 Bed,Near North Side,41.9065029,-87.6342004
"Canterbury Court Apartments, Chicago, IL","$1,200","1220 N State Pky, Chicago, IL 60610",Studio - 1 Bed,Gold Coast,41.9044988,-87.6291452
"1435 North Wells, Chicago, IL","$1,756","1435-1443 N Wells St, Chicago, IL 60610",Studio - 2 Bed,Near North Side,41.9087129,-87.63434939999999
"Astor House, Chicago, IL",Call for Rent,"1340 N Astor St, Chicago, IL 60610",1-2 Bed,Gold Coast,41.9069457,-87.6284328
"1518 W Chicago Ave Unit 3, Chicago, IL","$2,799","1518 W Chicago Ave Unit 3, Chicago, IL",2 Bed,Pulaski Park,41.8962926,-87.6656488
"1846 Superior W St Unit 2, Chicago, IL","$1,950","1846 Superior W St Unit 2, Chicago, IL",Condo for Rent,West Town,41.89522960000001,-87.67394999999999
"2024 W Huron St Unit 2nd floor, Chicago, IL","$2,300","2024 W Huron St Unit 2nd floor, Chicago, IL",3 Bed,West Town,41.8942568,-87.6780496
"1375 Milwaukee N Ave Unit 2R, Chicago, IL","$2,700","1375 Milwaukee N Ave Unit 2R, Chicago, IL",Condo for Rent,West Town,41.9069959,-87.6717325
"915 S Loomis St Unit 2, Chicago, IL","$3,000","915 S Loomis St Unit 2, Chicago, IL",5 Bed,Little Italy,41.8698843,-87.66140930000002
"917 S Loomis St Unit 1, Chicago, IL","$3,100","917 S Loomis St Unit 1, Chicago, IL",5 Bed,Little Italy,41.8697775,-87.66139969999999
"900 Ashland S Ave Unit 1, Chicago, IL","$2,667","900 Ashland S Ave Unit 1, Chicago, IL",2 Bed,Near West Side,41.8707911,-87.66693629999999
"1224 W Van Buren St Unit 505, Chicago, IL","$2,300","1224 W Van Buren St Unit 505, Chicago, IL",1 Bed,West Loop,41.8768394,-87.65829629999999
"324 S Racine Ave Unit 2NR, Chicago, IL","$1,995","324 S Racine Ave Unit 2NR, Chicago, IL",1 Bed,West Loop,41.87703279999999,-87.657226
"324 Racine S Ave Unit 1, Chicago, IL","$1,850","324 Racine S Ave Unit 1, Chicago, IL",1 Bed,West Loop,41.87703279999999,-87.657226
"324 S Racine Ave Unit 4S, Chicago, IL","$3,495","324 S Racine Ave Unit 4S, Chicago, IL",3 Bed,West Loop,41.87703279999999,-87.657226
"1035 W Van Buren St Unit 2, Chicago, IL","$2,736","1035 W Van Buren St Unit 2, Chicago, IL",1 Bed,West Loop,41.8763112,-87.6541817
"1002 W Van Buren St Unit 306, Chicago, IL","$3,000","1002 W Van Buren St Unit 306, Chicago, IL",2 Bed,West Loop,41.8768904,-87.65217799999999
"225 Sangamon S St Unit 610, Chicago, IL","$2,750","225 Sangamon S St Unit 610, Chicago, IL",Condo for Rent,West Loop,41.8782265,-87.650432
"1451 S Halsted St Unit 1B, Chicago, IL","$2,700","1451 S Halsted St Unit 1B, Chicago, IL",Condo for Rent,Little Italy,41.8619995,-87.646513
"850 W Adams St Unit 4E, Chicago, IL","$2,225","850 W Adams St Unit 4E, Chicago, IL",1 Bed,West Loop,41.8794457,-87.64919069999999
"1228 W Monroe St Unit 404, Chicago, IL","$2,200","1228 W Monroe St Unit 404, Chicago, IL",1 Bed,West Loop,41.880655,-87.6581142
"1508 W 17th St Unit R2, Chicago, IL","$1,300","1508 W 17th St Unit R2, Chicago, IL",2 Bed,Lower West Side,41.8589399,-87.66419979999999
"700 W Van Buren St Unit 703, Chicago, IL","$2,100","700 W Van Buren St Unit 703, Chicago, IL",1 Bed,West Loop,41.876952,-87.6443047
"6 Laflin S St Unit 307, Chicago, IL","$2,280","6 Laflin S St Unit 307, Chicago, IL",Condo for Rent,West Loop,41.8813293,-87.6645372
"1816 S Peoria St Unit 1, Chicago, IL","$2,000","1816 S Peoria St Unit 1, Chicago, IL",3 Bed,Lower West Side,41.85751279999999,-87.6484952
"1757 17th W St Unit 3, Chicago, IL","$2,040","1757 17th W St Unit 3, Chicago, IL",3 Bed,Lower West Side,41.8583889,-87.6709455
"701 S Wells St Unit 1506, Chicago, IL","$2,435","701 S Wells St Unit 1506, Chicago, IL",2 Bed,Chicago Loop,41.873148,-87.63324999999999
"732 S Financial Pl Unit 507, Chicago, IL","$2,350","732 S Financial Pl Unit 507, Chicago, IL",Condo for Rent,Chicago Loop,41.8724934,-87.63284340000001
"321 S Sangamon St Unit 807, Chicago, IL","$2,100","321 S Sangamon St Unit 807, Chicago, IL",1 Bed,West Loop,41.8770672,-87.6503968
"1753 21st W St Unit 1, Chicago, IL","$1,500","1753 21st W St Unit 1, Chicago, IL",3 Bed,Lower West Side,41.8538633,-87.6706559
"1043 Oakley S Blvd Unit 1, Chicago, IL","$1,650","1043 Oakley S Blvd Unit 1, Chicago, IL",3 Bed,Tri-Taylor,41.86775069999999,-87.6833355
"650 W Wayman St Unit 606C, Chicago, IL","$2,100","650 W Wayman St Unit 606C, Chicago, IL",Condo for Rent,West Loop,41.8875351,-87.6447135
"740 Federal S St Unit 910, Chicago, IL","$2,700","740 Federal S St Unit 910, Chicago, IL",Condo for Rent,Chicago Loop,41.873056,-87.6298857
"1162 Hubbard W St Unit 304, Chicago, IL","$3,300","1162 Hubbard W St Unit 304, Chicago, IL",Condo for Rent,West Town,41.8902009,-87.65702549999999
"836 W Hubbard St Unit 302, Chicago, IL","$1,850","836 W Hubbard St Unit 302, Chicago, IL",1 Bed,West Town,41.890176,-87.6490931
"537 S Dearborn St Unit 10A, Chicago, IL","$2,195","537 S Dearborn St Unit 10A, Chicago, IL",2 Bed,Chicago Loop,41.8749407,-87.6290113
"633 Plymouth S Ct Unit 904, Chicago, IL","$1,775","633 Plymouth S Ct Unit 904, Chicago, IL",Condo for Rent,Chicago Loop,41.8736271,-87.6283718
"235 W Van Buren St Unit 2514, Chicago, IL","$2,540","235 W Van Buren St Unit 2514, Chicago, IL",Condo for Rent,Chicago Loop,41.8765303,-87.6347529
"2442 W Fillmore St Unit 3, Chicago, IL","$1,860","2442 W Fillmore St Unit 3, Chicago, IL",3 Bed,Tri-Taylor,41.8686367,-87.68783169999999
"2442 W Fillmore St Unit Apt 2, Chicago, IL","$1,830","2442 W Fillmore St Unit Apt 2, Chicago, IL",3 Bed,Tri-Taylor,41.8686367,-87.68783169999999
"400 N Clinton St Unit 404, Chicago, IL","$1,995","400 N Clinton St Unit 404, Chicago, IL",1 Bed,West Town,41.8893085,-87.6407456
"731 W Ohio St Unit #3, Chicago, IL","$1,750","731 W Ohio St Unit #3, Chicago, IL",Studio,West Town,41.89212089999999,-87.6470796
"910 S Michigan Ave Unit 1015, Chicago, IL","$2,695","910 S Michigan Ave Unit 1015, Chicago, IL",Condo for Rent,Chicago Loop,41.8701636,-87.6248468
"1250 S Michigan Ave Unit 1002, Chicago, IL","$1,850","1250 S Michigan Ave Unit 1002, Chicago, IL",1 Bed,Near South Side,41.8659823,-87.6243183
"622 Ashland N Ave Unit 3, Chicago, IL","$3,900","622 Ashland N Ave Unit 3, Chicago, IL",Condo for Rent,West Town,41.8931362,-87.6674867
"6 E Monroe St Unit 1401, Chicago, IL","$2,300","6 E Monroe St Unit 1401, Chicago, IL",Condo for Rent,Chicago Loop,41.8809346,-87.6274239
"535 Michigan N Ave Unit 512, Chicago, IL","$1,525","535 Michigan N Ave Unit 512, Chicago, IL",Condo for Rent,Streeterville,41.8919328,-87.62385599999999
"1462 S Michigan Ave Unit 204, Chicago, IL","$2,400","1462 S Michigan Ave Unit 204, Chicago, IL",2 Bed,Near South Side,41.862275,-87.624234
"1464 S Michigan Ave Unit 2407, Chicago, IL","$4,800","1464 S Michigan Ave Unit 2407, Chicago, IL",3 Bed,Near South Side,41.8622613,-87.624234
"1935 Archer S Ave Unit 518, Chicago, IL","$1,750","1935 Archer S Ave Unit 518, Chicago, IL",Condo for Rent,Near South Side,41.85580520000001,-87.62783379999999
"1935 S Archer Ave Unit 423, Chicago, IL","$1,740","1935 S Archer Ave Unit 423, Chicago, IL",Condo for Rent,Near South Side,41.85580520000001,-87.62783379999999
"925 W Huron St Unit 9, Chicago, IL","$2,450","925 W Huron St Unit 9, Chicago, IL",2 Bed,West Town,41.8948876,-87.6510136
"925 W Huron St Unit 509, Chicago, IL","$2,050","925 W Huron St Unit 509, Chicago, IL",1 Bed,West Town,41.8948876,-87.6510136
"925 W Huron St Unit 2, Chicago, IL","$1,950","925 W Huron St Unit 2, Chicago, IL",1 Bed,West Town,41.8948876,-87.6510136
"330 Illinois W St Unit C, Chicago, IL","$1,760","330 Illinois W St Unit C, Chicago, IL",1 Bed,River North,41.8909522,-87.6368916
"330 W Illinois St Unit 1, Chicago, IL","$1,875","330 W Illinois St Unit 1, Chicago, IL",1 Bed,River North,41.8909522,-87.6368916
"330 W Illinois St Unit S, Chicago, IL","$1,555","330 W Illinois St Unit S, Chicago, IL",Studio,River North,41.8909522,-87.6368916
"200 Dearborn N St Unit 4303, Chicago, IL","$1,900","200 Dearborn N St Unit 4303, Chicago, IL",Condo for Rent,Chicago Loop,41.8860644,-87.62989069999999
"200 N Dearborn St Unit 1306, Chicago, IL","$2,795","200 N Dearborn St Unit 1306, Chicago, IL",Condo for Rent,Chicago Loop,41.8860644,-87.62989069999999
"1720 S Michigan Ave Unit 2810, Chicago, IL","$2,450","1720 S Michigan Ave Unit 2810, Chicago, IL",Condo for Rent,Near South Side,41.8586026,-87.6246153
"345 N LaSalle Dr Unit 1803, Chicago, IL","$3,250","345 N LaSalle Dr Unit 1803, Chicago, IL",Condo for Rent,River North,41.8888338,-87.6319165
"330 Grand W Ave Unit 1601, Chicago, IL","$2,950","330 Grand W Ave Unit 1601, Chicago, IL",Condo for Rent,River North,41.8917892,-87.63669329999999
"1702 W Superior St Unit 1, Chicago, IL","$1,700","1702 W Superior St Unit 1, Chicago, IL",3 Bed,West Town,41.8952916,-87.6699198
"375 W Erie St Unit 505, Chicago, IL","$2,200","375 W Erie St Unit 505, Chicago, IL",Condo for Rent,River North,41.89369,-87.639378
"2812 S Grady Ct Unit 2R, Chicago, IL",$800,"2812 S Grady Ct Unit 2R, Chicago, IL",2 Bed,Bridgeport,41.841859,-87.6611034
"2320 23rd W Pl Unit 1, Chicago, IL","$1,650","2320 23rd W Pl Unit 1, Chicago, IL",3 Bed,Heart of Italy,41.84960179999999,-87.68398510000002
"630 N Franklin St Unit 616, Chicago, IL","$1,950","630 N Franklin St Unit 616, Chicago, IL",Condo for Rent,River North,41.8934015,-87.63621499999999
"1345 Walton W St Unit 1, Chicago, IL","$2,100","1345 Walton W St Unit 1, Chicago, IL",3 Bed,Pulaski Park,41.8987251,-87.66132770000002
"835 N Wolcott Ave Unit 4FL, Chicago, IL","$3,600","835 N Wolcott Ave Unit 4FL, Chicago, IL",3 Bed,West Town,41.8970142,-87.67439619999999
"837 N Wolcott Ave Unit 1, Chicago, IL","$3,600","837 N Wolcott Ave Unit 1, Chicago, IL",3 Bed,West Town,41.8970211,-87.6743879
"848 N Winchester Ave Unit Garden, Chicago, IL","$2,200","848 N Winchester Ave Unit Garden, Chicago, IL",2 Bed,West Town,41.8973602,-87.67612729999999
"222 Columbus N Dr Unit 2105, Chicago, IL","$2,600","222 Columbus N Dr Unit 2105, Chicago, IL",Condo for Rent,Chicago Loop,41.8865622,-87.621248
"2631 W Luther St Unit 1, Chicago, IL","$1,495","2631 W Luther St Unit 1, Chicago, IL",1 Bed,Marshall Square,41.8469547,-87.69167780000001
"30 Huron E St Unit 5510, Chicago, IL","$2,000","30 Huron E St Unit 5510, Chicago, IL",Condo for Rent,River North,41.8953761,-87.6263728
"2704 W 24th Pl Unit 1F, Chicago, IL","$1,450","2704 W 24th Pl Unit 1F, Chicago, IL",2 Bed,Marshall Square,41.8475672,-87.69321699999999
"2704 W 24th Pl Unit 1, Chicago, IL","$1,200","2704 W 24th Pl Unit 1, Chicago, IL",2 Bed,Marshall Square,41.8475672,-87.69321699999999
"1611 W Division St Unit 1, Chicago, IL","$2,695","1611 W Division St Unit 1, Chicago, IL",2 Bed,West Town,41.9031445,-87.66801819999999
"757 Wabash N Ave Unit 2-2, Chicago, IL","$3,475","757 Wabash N Ave Unit 2-2, Chicago, IL",2 Bed,River North,41.8964239,-87.6265287
"211 E Ohio St Unit 1007, Chicago, IL","$1,800","211 E Ohio St Unit 1007, Chicago, IL",Condo for Rent,Streeterville,41.8922831,-87.62142569999999
"211 E Ohio St Unit 2612, Chicago, IL","$1,800","211 E Ohio St Unit 2612, Chicago, IL",Studio,Streeterville,41.8922568,-87.6215818
"211 E Ohio St Unit 819, Chicago, IL","$2,000","211 E Ohio St Unit 819, Chicago, IL",Condo for Rent,Streeterville,41.8922831,-87.62142569999999
"211 Ohio E St Unit 1109, Chicago, IL","$1,850","211 Ohio E St Unit 1109, Chicago, IL",Condo for Rent,Streeterville,41.8922831,-87.62142569999999
"313 Albany S Ave Unit 2, Chicago, IL","$1,225","313 Albany S Ave Unit 2, Chicago, IL",2 Bed,Garfield Park,41.8768875,-87.7030376
"313 Albany S Ave Unit 1, Chicago, IL","$1,175","313 Albany S Ave Unit 1, Chicago, IL",2 Bed,Garfield Park,41.8768875,-87.7030376
"420 Waterside E Dr Unit 304, Chicago, IL","$1,700","420 Waterside E Dr Unit 304, Chicago, IL",Condo for Rent,Chicago Loop,41.8871935,-87.61611580000002
"195 N Harbor Dr Unit 2001, Chicago, IL","$2,900","195 N Harbor Dr Unit 2001, Chicago, IL",Condo for Rent,Chicago Loop,41.8856937,-87.6146613
"401 E Ontario St Unit 1606, Chicago, IL","$2,050","401 E Ontario St Unit 1606, Chicago, IL",1 Bed,Streeterville,41.8932199,-87.6168477
"1368 W Evergreen Ave Unit 4M, Chicago, IL","$2,250","1368 W Evergreen Ave Unit 4M, Chicago, IL",2 Bed,Pulaski Park,41.9064171,-87.66232430000001
"441 Ohio E St Unit 1, Chicago, IL","$1,676","441 Ohio E St Unit 1, Chicago, IL",1 Bed,Streeterville,41.892465,-87.616348
"1122 Clark N St Unit 3307, Chicago, IL","$1,650","1122 Clark N St Unit 3307, Chicago, IL",Condo for Rent,Near North,41.902675,-87.6318632
"474 N Lake Shore Dr Unit 2207, Chicago, IL","$1,600","474 N Lake Shore Dr Unit 2207, Chicago, IL",Studio,Streeterville,41.8906697,-87.614747
"343 W Old Town Ct Unit 309, Chicago, IL","$2,875","343 W Old Town Ct Unit 309, Chicago, IL",2 Bed,Near North Side,41.9051353,-87.6375096
"1124 N Dearborn St Unit 1, Chicago, IL","$1,700","1124 N Dearborn St Unit 1, Chicago, IL",1 Bed,Rush & Division,41.902579,-87.63028729999999
"175 E Delaware Pl Unit 5106, Chicago, IL","$1,560","175 E Delaware Pl Unit 5106, Chicago, IL",Studio,Streeterville,41.8989444,-87.6227945
"100 Walton E St Unit 17 G, Chicago, IL","$1,900","100 Walton E St Unit 17 G, Chicago, IL",Condo for Rent,Streeterville,41.9002461,-87.62516339999999
"871 W Blackhawk St Unit 2-2, Chicago, IL","$2,955","871 W Blackhawk St Unit 2-2, Chicago, IL",2 Bed,Goose Island,41.90853329999999,-87.6510746
"2540 Augusta W Blvd Unit 1F, Chicago, IL","$1,700","2540 Augusta W Blvd Unit 1F, Chicago, IL",2 Bed,West Town,41.8995957,-87.6910663
"1220 N LaSalle St Unit K4, Chicago, IL","$1,495","1220 N LaSalle St Unit K4, Chicago, IL",Studio,Near North Side,41.9045879,-87.63344269999999
"1220 N LaSalle Dr Unit G2, Chicago, IL","$1,425","1220 N LaSalle Dr Unit G2, Chicago, IL",Studio,Near North Side,41.9046068,-87.63340649999999
"219 E Chestnut St Unit 1/1 u, Chicago, IL","$1,835","219 E Chestnut St Unit 1/1 u, Chicago, IL",1 Bed,Streeterville,41.8981421,-87.6211268
"219 E Chestnut St Unit 1, Chicago, IL","$1,830","219 E Chestnut St Unit 1, Chicago, IL",1 Bed,Streeterville,41.8981421,-87.6211268
"1164 N Dearborn St Unit 210, Chicago, IL","$1,175","1164 N Dearborn St Unit 210, Chicago, IL",Studio,Near North,41.9031863,-87.63369
"2048 Evergreen W Ave Unit 2, Chicago, IL","$3,100","2048 Evergreen W Ave Unit 2, Chicago, IL",Condo for Rent,West Town,41.9061004,-87.67920509999999
"2048 Evergreen W Ave Unit 1, Chicago, IL","$2,300","2048 Evergreen W Ave Unit 1, Chicago, IL",1 Bed,West Town,41.9061004,-87.67920509999999
"65 Cedar E St Unit 2B, Chicago, IL","$1,400","65 Cedar E St Unit 2B, Chicago, IL",Condo for Rent,Gold Coast,41.902282,-87.625845
"834 California N Ave Unit Apt 1, Chicago, IL","$1,800","834 California N Ave Unit Apt 1, Chicago, IL",2 Bed,West Town,41.8967381,-87.69703919999999
"1220 N Dearborn St Unit 3, Chicago, IL","$1,950","1220 N Dearborn St Unit 3, Chicago, IL",2 Bed,Gold Coast,41.9046375,-87.63036319999999
"329 Schiller W St, Chicago, IL","$6,200","329 Schiller W St, Chicago, IL",Townhome for Rent,Near North Side,41.907215,-87.63759999999999
"329 Schiller W St, Chicago, IL","$6,000","329 Schiller W St, Chicago, IL",Townhome for Rent,Near North Side,41.907215,-87.63759999999999
"30 E Elm St Unit 12E, Chicago, IL","$1,835","30 E Elm St Unit 12E, Chicago, IL",1 Bed,Gold Coast,41.9033419,-87.6274881
"1221 N Dearborn St Unit 404N, Chicago, IL","$2,350","1221 N Dearborn St Unit 404N, Chicago, IL",Condo for Rent,Gold Coast,41.9046835,-87.62962639999999
"1612 Le Moyne W St Unit 3, Chicago, IL","$1,800","1612 Le Moyne W St Unit 3, Chicago, IL",2 Bed,West Town,41.9092512,-87.668223
"1255 N Sandburg Terrace Unit 1210, Chicago, IL","$2,000","1255 N Sandburg Terrace Unit 1210, Chicago, IL",Condo for Rent,Near North Side,41.9054286,-87.6319398
"30 E Division St Unit 11a, Chicago, IL","$1,700","30 E Division St Unit 11a, Chicago, IL",Condo for Rent,Gold Coast,41.9043262,-87.6273128
"1645 Pierce W Ave Unit 1, Chicago, IL","$2,195","1645 Pierce W Ave Unit 1, Chicago, IL",2 Bed,West Town,41.909615,-87.669394
"1150 Lake Shore N Dr Unit 5L, Chicago, IL","$1,450","1150 Lake Shore N Dr Unit 5L, Chicago, IL",Condo for Rent,Gold Coast,41.9037674,-87.62537090000001
"1502 Cleveland N Ave Unit #2, Chicago, IL","$1,750","1502 Cleveland N Ave Unit #2, Chicago, IL",1 Bed,Near North Side,41.909398,-87.641295
"1441 N Elk Grove Ave Unit 3R, Chicago, IL","$1,650","1441 N Elk Grove Ave Unit 3R, Chicago, IL",Condo for Rent,West Town,41.9093519,-87.67368809999999
"1519 N Milwaukee Ave Unit 1, Chicago, IL","$3,025","1519 N Milwaukee Ave Unit 1, Chicago, IL",2 Bed,West Town,41.9092668,-87.6752027
"1307 N Artesian Ave Unit 2, Chicago, IL","$2,095","1307 N Artesian Ave Unit 2, Chicago, IL",2 Bed,West Town,41.9050772,-87.6880628
"1523 N Elk Grove Ave Unit 3, Chicago, IL","$2,300","1523 N Elk Grove Ave Unit 3, Chicago, IL",3 Bed,West Town,41.9099519,-87.67465000000001
"1344 Dearborn N St Unit 4D, Chicago, IL","$1,540","1344 Dearborn N St Unit 4D, Chicago, IL",Condo for Rent,Gold Coast,41.9071442,-87.6305915
"1017 N Mozart St Unit #2, Chicago, IL","$1,850","1017 N Mozart St Unit #2, Chicago, IL",3 Bed,West Town,41.8998179,-87.69781379999999
"1347 N Dearborn Pkwy Unit 302, Chicago, IL","$1,320","1347 N Dearborn Pkwy Unit 302, Chicago, IL",Studio,Gold Coast,41.907198,-87.629864
"915 S Loomis St Unit 1, Chicago, IL","$1,550","915 S Loomis St Unit 1, Chicago, IL",2 Bed,Little Italy,41.8698843,-87.66140930000002
"1455 W Taylor St Unit 3, Chicago, IL","$3,400","1455 W Taylor St Unit 3, Chicago, IL",4 Bed,Little Italy,41.86909929999999,-87.6637776
"929 S Laflin St Unit 1, Chicago, IL","$2,275","929 S Laflin St Unit 1, Chicago, IL",3 Bed,Little Italy,41.8696425,-87.6638546
"1013 Laflin S St Unit 2, Chicago, IL","$1,700","1013 Laflin S St Unit 2, Chicago, IL",2 Bed,Little Italy,41.8688496,-87.66387449999999
"708 S Laflin St Unit 1F, Chicago, IL","$1,800","708 S Laflin St Unit 1F, Chicago, IL",2 Bed,Little Italy,41.8725044,-87.66441569999999
"706 S Laflin St Unit 2R, Chicago, IL","$1,900","706 S Laflin St Unit 2R, Chicago, IL",2 Bed,Little Italy,41.8725733,-87.6644638
"902 S Ashland Ave Unit 0s, Chicago, IL","$1,595","902 S Ashland Ave Unit 0s, Chicago, IL",Studio,Near West Side,41.8703239,-87.666968
"902 S Ashland Ave Unit 1j, Chicago, IL","$1,737","902 S Ashland Ave Unit 1j, Chicago, IL",1 Bed,Near West Side,41.8703239,-87.666968
"902 S Ashland Ave Unit 1s, Chicago, IL","$1,730","902 S Ashland Ave Unit 1s, Chicago, IL",1 Bed,Near West Side,41.8703239,-87.666968
"1224 W Van Buren St Unit 212, Chicago, IL","$3,000","1224 W Van Buren St Unit 212, Chicago, IL",Condo for Rent,West Loop,41.8768394,-87.65829629999999
"1101 W Jackson Blvd Unit S1, Chicago, IL","$1,760","1101 W Jackson Blvd Unit S1, Chicago, IL",Studio,West Loop,41.8770351,-87.6554927
"1019 W Jackson Blvd Unit 03k, Chicago, IL","$3,200","1019 W Jackson Blvd Unit 03k, Chicago, IL",Condo for Rent,West Loop,41.87753,-87.652658
"948 15th W Pl Unit 2B, Chicago, IL","$2,400","948 15th W Pl Unit 2B, Chicago, IL",Condo for Rent,Little Italy,41.861249,-87.65066
"910 W Jackson Blvd Unit 1301, Chicago, IL","$2,374","910 W Jackson Blvd Unit 1301, Chicago, IL",1 Bed,West Loop,41.8780422,-87.6499454
"816 W Van Buren St Unit 161, Chicago, IL","$3,200","816 W Van Buren St Unit 161, Chicago, IL",2 Bed,West Loop,41.876872,-87.648208
"521 N Racine Ave Unit 1, Chicago, IL","$2,400","521 N Racine Ave Unit 1, Chicago, IL",Condo for Rent,West Town,41.8917586,-87.65700989999999
"1722 W Hastings St Unit 3, Chicago, IL","$2,100","1722 W Hastings St Unit 3, Chicago, IL",Condo for Rent,Near West Side,41.8643841,-87.6697915
"1722 W Hastings St Unit 3, Chicago, IL","$2,000","1722 W Hastings St Unit 3, Chicago, IL",Condo for Rent,Near West Side,41.8643841,-87.6697915
"901 W Adams St Unit 818, Chicago, IL","$2,319","901 W Adams St Unit 818, Chicago, IL",1 Bed,West Loop,41.8789763,-87.64990399999999
"1623 S Loomis St Unit 2, Chicago, IL","$1,875","1623 S Loomis St Unit 2, Chicago, IL",2 Bed,Lower West Side,41.8589519,-87.6610911
"1244 W Monroe St Unit 10F, Chicago, IL","$3,200","1244 W Monroe St Unit 10F, Chicago, IL",Condo for Rent,West Loop,41.8806146,-87.6588245
"1137 W 17th St Unit 1, Chicago, IL","$2,800","1137 W 17th St Unit 1, Chicago, IL",4 Bed,Lower West Side,41.8585054,-87.6548954
"732 W 15th Pl Unit 1, Chicago, IL","$2,850","732 W 15th Pl Unit 1, Chicago, IL",2 Bed,Little Italy,41.8610273,-87.6467327
"1615 S Morgan St Unit 1R, Chicago, IL","$1,500","1615 S Morgan St Unit 1R, Chicago, IL",2 Bed,Lower West Side,41.859356,-87.6505899
"1946 S Racine Ave Unit 4F, Chicago, IL","$2,395","1946 S Racine Ave Unit 4F, Chicago, IL",3 Bed,Lower West Side,41.8551838,-87.65661419999999
"26 S Aberdeen St Unit 1, Chicago, IL","$4,600","26 S Aberdeen St Unit 1, Chicago, IL",Condo for Rent,West Loop,41.8808781,-87.6553199
"233 S Halsted St Unit 98-3301, Chicago, IL","$5,492","233 S Halsted St Unit 98-3301, Chicago, IL",3 Bed,West Loop,41.8782383,-87.6470729
"1515 S Halsted St Unit 205, Chicago, IL","$1,799","1515 S Halsted St Unit 205, Chicago, IL",Condo for Rent,Little Italy,41.86101,-87.646385
"1509 S Halsted St Unit 306, Chicago, IL","$1,750","1509 S Halsted St Unit 306, Chicago, IL",Condo for Rent,Little Italy,41.8610097,-87.64638479999999
"1219 W Madison St Unit 1050, Chicago, IL","$3,350","1219 W Madison St Unit 1050, Chicago, IL",2 Bed,West Loop,41.8813422,-87.6580355
"200 S Halsted St Unit 2008, Chicago, IL","$1,837","200 S Halsted St Unit 2008, Chicago, IL",Studio,West Loop,41.8789658,-87.6475537
"1131 W Madison St Unit 1, Chicago, IL","$1,975","1131 W Madison St Unit 1, Chicago, IL",1 Bed,West Loop,41.881515,-87.6555314
"835 S Wolcott Ave Unit 4, Chicago, IL","$3,200","835 S Wolcott Ave Unit 4, Chicago, IL",3 Bed,Near West Side,41.87060719999999,-87.67341429999999
"700 W Van Buren St Unit PH-03, Chicago, IL","$3,000","700 W Van Buren St Unit PH-03, Chicago, IL",Condo for Rent,West Loop,41.8769207,-87.6442776
"1819 S Allport St Unit 1R, Chicago, IL","$1,400","1819 S Allport St Unit 1R, Chicago, IL",2 Bed,Lower West Side,41.8573162,-87.65736
"333 S Desplaines St Unit #412, Chicago, IL","$2,400","333 S Desplaines St Unit #412, Chicago, IL",Condo for Rent,West Loop,41.877112,-87.6435491
"1838 S May St Unit 2F, Chicago, IL","$1,250","1838 S May St Unit 2F, Chicago, IL",2 Bed,Lower West Side,41.8568097,-87.65504750000001
"210 S Desplaines St Unit 15044, Chicago, IL","$2,100","210 S Desplaines St Unit 15044, Chicago, IL",Condo for Rent,West Loop,41.8789423,-87.6445088
"113 S Paulina St Unit 3, Chicago, IL","$1,775","113 S Paulina St Unit 3, Chicago, IL",2 Bed,Near West Side,41.8796729,-87.6689789
"113 S Paulina St Unit 2, Chicago, IL","$1,800","113 S Paulina St Unit 2, Chicago, IL",3 Bed,Near West Side,41.8796729,-87.6689789
"1807 S Ashland Ave Unit 1, Chicago, IL","$2,000","1807 S Ashland Ave Unit 1, Chicago, IL",3 Bed,Lower West Side,41.8574776,-87.66582849999999
"1260 W Washington Blvd Unit 602, Chicago, IL","$2,490","1260 W Washington Blvd Unit 602, Chicago, IL",1 Bed,West Loop,41.8832014,-87.6591024
"935 W Washington Blvd Unit 1s, Chicago, IL","$2,320","935 W Washington Blvd Unit 1s, Chicago, IL",1 Bed,West Loop,41.8830503,-87.65119299999999
"935 W Washington Blvd Unit 0s, Chicago, IL","$1,990","935 W Washington Blvd Unit 0s, Chicago, IL",Studio,West Loop,41.8830503,-87.65119299999999
"917 W Washington Blvd Unit 405, Chicago, IL","$2,640","917 W Washington Blvd Unit 405, Chicago, IL",1 Bed,West Loop,41.88288379999999,-87.65046099999999
"2022 S Throop St Unit 1W, Chicago, IL","$1,925","2022 S Throop St Unit 1W, Chicago, IL",2 Bed,Lower West Side,41.8544065,-87.65900769999999
"1923 S Peoria St Unit 1R, Chicago, IL","$1,150","1923 S Peoria St Unit 1R, Chicago, IL",2 Bed,Lower West Side,41.8559606,-87.6480687
"1527 W Cullerton St Unit 2, Chicago, IL","$1,650","1527 W Cullerton St Unit 2, Chicago, IL",3 Bed,Lower West Side,41.854822,-87.664726
"1820 W 18th St Unit 3, Chicago, IL","$1,895","1820 W 18th St Unit 3, Chicago, IL",3 Bed,Lower West Side,41.8579209,-87.67196360000001
"130 S Canal St Unit 804!, Chicago, IL","$3,300","130 S Canal St Unit 804!, Chicago, IL",Condo for Rent,West Loop,41.8796423,-87.6403721
"2109 W Polk St Unit 02, Chicago, IL","$2,200","2109 W Polk St Unit 02, Chicago, IL",Condo for Rent,Tri-Taylor,41.87125229999999,-87.679169
"200 N Ada St Unit 13, Chicago, IL","$2,510","200 N Ada St Unit 13, Chicago, IL",1 Bed,West Loop,41.8854547,-87.6607605
"600 W Madison St Unit 1003, Chicago, IL","$2,045","600 W Madison St Unit 1003, Chicago, IL",Studio,West Loop,41.8820786,-87.64319560000001
"600 W Madison St Unit 913, Chicago, IL","$2,665","600 W Madison St Unit 913, Chicago, IL",1 Bed,West Loop,41.8820786,-87.64319560000001
"562 W 18th St Unit 1W, Chicago, IL","$3,300","562 W 18th St Unit 1W, Chicago, IL",Condo for Rent,East Pilsen,41.8578024,-87.6413675
"562 W 18th St Unit 3E, Chicago, IL","$3,900","562 W 18th St Unit 3E, Chicago, IL",Condo for Rent,East Pilsen,41.8578024,-87.6413675
"912 W Lake St Unit 05-B, Chicago, IL","$2,305","912 W Lake St Unit 05-B, Chicago, IL",Condo for Rent,Fulton Market,41.8857576,-87.6499092
"659 W Randolph St Unit #411, Chicago, IL","$2,250","659 W Randolph St Unit #411, Chicago, IL",Condo for Rent,West Loop,41.8840031,-87.6447048
"817 W Lake St Unit 120, Chicago, IL","$2,428","817 W Lake St Unit 120, Chicago, IL",1 Bed,West Loop,41.885407,-87.648237
"817 W Lake St Unit 120, Chicago, IL","$4,398","817 W Lake St Unit 120, Chicago, IL",3 Bed,West Loop,41.885407,-87.648237
"1837 S Canalport Ave Unit 3W, Chicago, IL","$4,200","1837 S Canalport Ave Unit 3W, Chicago, IL",Condo for Rent,East Pilsen,41.856811,-87.641115
"100 N Hermitage Ave Unit 915, Chicago, IL","$1,600","100 N Hermitage Ave Unit 915, Chicago, IL",Condo for Rent,Near West Side,41.8837029,-87.67095979999999
"2111 S Halsted St Unit 406, Chicago, IL","$2,475","2111 S Halsted St Unit 406, Chicago, IL",Condo for Rent,East Pilsen,41.8537851,-87.6464127
"801 S Wells St Unit 1011, Chicago, IL","$2,700","801 S Wells St Unit 1011, Chicago, IL",1 Bed,Chicago Loop,41.8720138,-87.6334401
"235 Van Buren W St Unit 3619, Chicago, IL","$2,400","235 Van Buren W St Unit 3619, Chicago, IL",2 Bed,Chicago Loop,41.8765303,-87.6347529
"1138 S Delano Ct Unit 411, Chicago, IL","$2,699","1138 S Delano Ct Unit 411, Chicago, IL",2 Bed,Chicago Loop,41.8679316,-87.6329896
"834 W Fulton Market Unit 120, Chicago, IL","$2,496","834 W Fulton Market Unit 120, Chicago, IL",1 Bed,Fulton Market,41.8869058,-87.6491317
"2223 W Polk St Unit 2, Chicago, IL","$3,000","2223 W Polk St Unit 2, Chicago, IL",Condo for Rent,Tri-Taylor,41.8712023,-87.6822869
"2225 Polk W St Unit 2, Chicago, IL","$3,000","2225 Polk W St Unit 2, Chicago, IL",Condo for Rent,Tri-Taylor,41.8712115,-87.6822893
"501 S Wells St Unit 1716, Chicago, IL","$1,703","501 S Wells St Unit 1716, Chicago, IL",1 Bed,Chicago Loop,41.875826,-87.63334669999999
"2200 Harrison W St Unit 813, Chicago, IL","$1,500","2200 Harrison W St Unit 813, Chicago, IL",Condo for Rent,Tri-Taylor,41.8744605,-87.6816923
"150 N Clinton St Unit 137, Chicago, IL","$2,317","150 N Clinton St Unit 137, Chicago, IL",1 Bed,West Loop,41.88481050000001,-87.6416201
"150 N Clinton St Unit 137, Chicago, IL","$1,865","150 N Clinton St Unit 137, Chicago, IL",Studio,West Loop,41.88481050000001,-87.6416201
"1154 S Clark St Unit 1514, Chicago, IL","$1,950","1154 S Clark St Unit 1514, Chicago, IL",1 Bed,Chicago Loop,41.8681604,-87.63113510000001
"2002 W Warren Blvd Unit 5SE, Chicago, IL","$1,950","2002 W Warren Blvd Unit 5SE, Chicago, IL",2 Bed,Near West Side,41.88238270000001,-87.6770853
"2000 W Warren Blvd Unit 5SW, Chicago, IL","$2,150","2000 W Warren Blvd Unit 5SW, Chicago, IL",Condo for Rent,Near West Side,41.8822714,-87.6767239
"2109 W 18th St Unit 1, Chicago, IL","$1,199","2109 W 18th St Unit 1, Chicago, IL",1 Bed,Lower West Side,41.8574428,-87.6788614
"161 N Canal St Unit 3501, Chicago, IL","$2,935","161 N Canal St Unit 3501, Chicago, IL",2 Bed,West Loop,41.88475529999999,-87.6393035
"616 W Fulton St Unit 404F, Chicago, IL","$2,500","616 W Fulton St Unit 404F, Chicago, IL",Condo for Rent,West Loop,41.8871087,-87.64385349999999
"820 S Park Terrace Unit 302, Chicago, IL","$1,936","820 S Park Terrace Unit 302, Chicago, IL",1 Bed,Chicago Loop,41.8716348,-87.63028159999999
"811 S Claremont Ave Unit 3, Chicago, IL","$2,295","811 S Claremont Ave Unit 3, Chicago, IL",3 Bed,Tri-Taylor,41.8709408,-87.68471679999999
"1340 W Hubbard St Unit 1, Chicago, IL","$1,900","1340 W Hubbard St Unit 1, Chicago, IL",2 Bed,West Town,41.8902692,-87.66061479999999
"2047 N Hoyne Ave Unit 2RS, Chicago, IL","$1,650","2047 N Hoyne Ave Unit 2RS, Chicago, IL",Studio,West Town,41.8902159,-87.67873809999999
"370 N Desplaines St Unit 6, Chicago, IL","$1,958","370 N Desplaines St Unit 6, Chicago, IL",1 Bed,West Loop,41.8886842,-87.6451007
"447 N Carpenter St Unit 2R, Chicago, IL","$1,925","447 N Carpenter St Unit 2R, Chicago, IL",1 Bed,West Town,41.8903347,-87.65333439999999
"2056 W Cullerton St Unit 2, Chicago, IL","$1,850","2056 W Cullerton St Unit 2, Chicago, IL",4 Bed,Lower West Side,41.8550992,-87.67809079999999
"225 N Canal St Unit 1, Chicago, IL","$1,860","225 N Canal St Unit 1, Chicago, IL",Studio,West Loop,41.8859018,-87.6397721
"225 N Canal St Unit 1, Chicago, IL","$2,250","225 N Canal St Unit 1, Chicago, IL",1 Bed,West Loop,41.8859018,-87.6397721
"410 N Milwaukee Ave Unit 501, Chicago, IL","$1,985","410 N Milwaukee Ave Unit 501, Chicago, IL",1 Bed,West Town,41.8895581,-87.6462415
"410 N Milwaukee Ave Unit 3804, Chicago, IL","$1,892","410 N Milwaukee Ave Unit 3804, Chicago, IL",Studio,West Town,41.8895581,-87.6462415
"2153 W 18th Pl Unit 3, Chicago, IL","$1,800","2153 W 18th Pl Unit 3, Chicago, IL",2 Bed,Lower West Side,41.8565095,-87.6805193
"814 Hubbard W St Unit 201, Chicago, IL","$1,581","814 Hubbard W St Unit 201, Chicago, IL",Condo for Rent,West Town,41.8903,-87.64845199999999
"1247 S Plymouth Ct, Chicago, IL","$6,500","1247 S Plymouth Ct, Chicago, IL",House for Rent,Near South Side,41.8661032,-87.6282172
"579 Kinzie W St Unit 3205, Chicago, IL","$1,725","579 Kinzie W St Unit 3205, Chicago, IL",1 Bed,West Loop,41.888909,-87.64271959999999
"801 S State St Unit 2203, Chicago, IL","$1,990","801 S State St Unit 2203, Chicago, IL",1 Bed,Chicago Loop,41.8716769,-87.6272856
"231 W 18th St Unit 4B, Chicago, IL","$1,980","231 W 18th St Unit 4B, Chicago, IL",Condo for Rent,Armour Square,41.85741669999999,-87.6328376
"600 W Kinzie St Unit 2501, Chicago, IL","$1,865","600 W Kinzie St Unit 2501, Chicago, IL",1 Bed,West Town,41.8895838,-87.6437028
"811 S State St Unit 1810, Chicago, IL","$2,085","811 S State St Unit 1810, Chicago, IL",2 Bed,Chicago Loop,41.8713734,-87.6272322
"656 W Hubbard St Unit 2704, Chicago, IL","$1,919","656 W Hubbard St Unit 2704, Chicago, IL",Studio,West Town,41.8903077,-87.64520619999999
"1 E 8th St Unit 802, Chicago, IL","$2,300","1 E 8th St Unit 802, Chicago, IL",Condo for Rent,Chicago Loop,41.8713863,-87.62707089999999
"2223 W 18th Pl Unit 1R, Chicago, IL","$1,400","2223 W 18th Pl Unit 1R, Chicago, IL",2 Bed,Lower West Side,41.8563433,-87.6818278
"1402 S State St Unit A12, Chicago, IL","$1,899","1402 S State St Unit A12, Chicago, IL",1 Bed,Near South Side,41.8638426,-87.6276795
"212 W Randolph St Unit 913, Chicago, IL","$1,579","212 W Randolph St Unit 913, Chicago, IL",Studio,Chicago Loop,41.8848137,-87.6346018
"1325 S State St Unit 415, Chicago, IL","$2,180","1325 S State St Unit 415, Chicago, IL",1 Bed,Near South Side,41.8647851,-87.6270065
"1639 Grand W Ave Unit 202, Chicago, IL","$2,675","1639 Grand W Ave Unit 202, Chicago, IL",2 Bed,West Town,41.890727,-87.668705
"223 W Lake St Unit 2n, Chicago, IL","$4,799","223 W Lake St Unit 2n, Chicago, IL",3 Bed,Chicago Loop,41.8853654,-87.6349197
"2000 S Wells St Unit 2F, Chicago, IL","$1,400","2000 S Wells St Unit 2F, Chicago, IL",Condo for Rent,Armour Square,41.8555439,-87.6333011
"900 S Wabash Ave Unit 506, Chicago, IL","$2,000","900 S Wabash Ave Unit 506, Chicago, IL",Condo for Rent,Chicago Loop,41.8703645,-87.62638749999999
"110 W Madison St Unit 35, Chicago, IL","$1,996","110 W Madison St Unit 35, Chicago, IL",1 Bed,Chicago Loop,41.8821416,-87.6314189
"110 W Madison St Unit 35, Chicago, IL","$1,675","110 W Madison St Unit 35, Chicago, IL",Studio,Chicago Loop,41.8821416,-87.6314189
"110 W Madison St Unit 35, Chicago, IL","$1,780","110 W Madison St Unit 35, Chicago, IL",Studio,Chicago Loop,41.8821416,-87.6314189
"2447 Lexington W St Unit 3, Chicago, IL","$1,950","2447 Lexington W St Unit 3, Chicago, IL",3 Bed,Tri-Taylor,41.8718188,-87.6880223
"1530 S State St Unit 918, Chicago, IL","$2,300","1530 S State St Unit 918, Chicago, IL",Condo for Rent,Near South Side,41.8612054,-87.6284311
"1446 N Leavitt St Unit 2R, Chicago, IL","$2,600","1446 N Leavitt St Unit 2R, Chicago, IL",4 Bed,West Town,41.9081052,-87.68260029999999
"660 W Grand Ave Unit 3WEST, Chicago, IL","$1,900","660 W Grand Ave Unit 3WEST, Chicago, IL",Condo for Rent,West Town,41.891317,-87.64530429999999
"1503 S State St Unit #812, Chicago, IL","$3,500","1503 S State St Unit #812, Chicago, IL",Condo for Rent,Near South Side,41.8616085,-87.626904
"1464 W Ohio St Unit 2, Chicago, IL","$1,800","1464 W Ohio St Unit 2, Chicago, IL",2 Bed,West Town,41.8926729,-87.6648321
"2333 W Madison St Unit 615, Chicago, IL","$2,007","2333 W Madison St Unit 615, Chicago, IL",1 Bed,Near West Side,41.8805371,-87.6856373
"910 S Michigan Ave Unit #616, Chicago, IL","$2,500","910 S Michigan Ave Unit #616, Chicago, IL",Condo for Rent,Chicago Loop,41.8701636,-87.6248468
"501 N Clinton St Unit 3006, Chicago, IL","$4,000","501 N Clinton St Unit 3006, Chicago, IL",2 Bed,West Town,41.8910233,-87.6421903
"800 S Michigan Ave Unit 4104, Chicago, IL","$1,960","800 S Michigan Ave Unit 4104, Chicago, IL",1 Bed,Chicago Loop,41.8717202,-87.62458099999999
"800 S Michigan Ave Unit 3406, Chicago, IL","$2,305","800 S Michigan Ave Unit 3406, Chicago, IL",1 Bed,Chicago Loop,41.8717202,-87.62458099999999
"1345 S Wabash Ave Unit 1202, Chicago, IL","$2,200","1345 S Wabash Ave Unit 1202, Chicago, IL",Condo for Rent,Near South Side,41.8644171,-87.6254821
"519 N Hartland Ct, Chicago, IL","$4,995","519 N Hartland Ct, Chicago, IL",Townhome for Rent,West Town,41.8915506,-87.67103619999999
"500 N Kingsbury St Unit 2302, Chicago, IL","$2,199","500 N Kingsbury St Unit 2302, Chicago, IL",1 Bed,River North,41.89011259999999,-87.6392292
"1120 S Michigan Ave Unit 2810, Chicago, IL","$1,915","1120 S Michigan Ave Unit 2810, Chicago, IL",1 Bed,Chicago Loop,41.868863,-87.62456600000002
"22 S Western Ave Unit 301F, Chicago, IL","$1,900","22 S Western Ave Unit 301F, Chicago, IL",Condo for Rent,Near West Side,41.88052190000001,-87.6866988
"1319 S Michigan Ave Unit 3702, Chicago, IL","$2,300","1319 S Michigan Ave Unit 3702, Chicago, IL",1 Bed,Near South Side,41.8652265,-87.6239057
"354 W Hubbard St Unit 506, Chicago, IL","$2,302","354 W Hubbard St Unit 506, Chicago, IL",1 Bed,River North,41.8901676,-87.63782379999999
"354 W Hubbard St Unit 80-2, Chicago, IL","$3,887","354 W Hubbard St Unit 80-2, Chicago, IL",2 Bed,River North,41.8901676,-87.63782379999999
"354 W Hubbard St Unit 107, Chicago, IL","$3,416","354 W Hubbard St Unit 107, Chicago, IL",1 Bed,River North,41.8901676,-87.63782379999999
"50 W Randolph St Unit 706, Chicago, IL","$1,695","50 W Randolph St Unit 706, Chicago, IL",1 Bed,Chicago Loop,41.8846517,-87.6299401
"2541 W Congress Pkwy Unit 1, Chicago, IL","$2,000","2541 W Congress Pkwy Unit 1, Chicago, IL",2 Bed,Tri-Taylor,41.8748267,-87.6902974
"669 N Peoria St Unit GS, Chicago, IL","$2,500","669 N Peoria St Unit GS, Chicago, IL",Condo for Rent,West Town,41.8942459,-87.64982959999999
"711 N Milwaukee Ave Unit PH, Chicago, IL","$8,000","711 N Milwaukee Ave Unit PH, Chicago, IL",Condo for Rent,West Town,41.894664,-87.652616
"310 S Michigan Ave Unit 1712, Chicago, IL","$1,750","310 S Michigan Ave Unit 1712, Chicago, IL",Condo for Rent,Chicago Loop,41.8778248,-87.6246019
"2345 W Cullerton St Unit 1, Chicago, IL","$1,300","2345 W Cullerton St Unit 1, Chicago, IL",2 Bed,Lower West Side,41.8546191,-87.6850238
"317 W 23rd Pl Unit 2, Chicago, IL","$1,395","317 W 23rd Pl Unit 2, Chicago, IL",3 Bed,Armour Square,41.8498063,-87.63543
"680 N Peoria St, Chicago, IL","$4,300","680 N Peoria St, Chicago, IL",Townhome for Rent,West Town,41.894575,-87.6504951
"410 W Grand Ave Unit 2105, Chicago, IL","$2,772","410 W Grand Ave Unit 2105, Chicago, IL",1 Bed,River North,41.89169990000001,-87.63903499999999
"1729 W Erie St Unit 3F, Chicago, IL","$1,800","1729 W Erie St Unit 3F, Chicago, IL",Condo for Rent,West Town,41.89314840000001,-87.67079679999999
"2337 W Lake St Unit 2W, Chicago, IL","$1,500","2337 W Lake St Unit 2W, Chicago, IL",Condo for Rent,Near West Side,41.8844937,-87.6855308
"739 N Ada St Unit 105, Chicago, IL","$3,600","739 N Ada St Unit 105, Chicago, IL",2 Bed,West Town,41.89539,-87.6611199
"1641 W Huron St Unit 1R, Chicago, IL","$1,950","1641 W Huron St Unit 1R, Chicago, IL",2 Bed,West Town,41.8939294,-87.66888639999999
"925 W Huron St Unit 507, Chicago, IL","$2,500","925 W Huron St Unit 507, Chicago, IL",Condo for Rent,West Town,41.8948876,-87.6510136
"326 W Illinois St Unit 5, Chicago, IL","$2,595","326 W Illinois St Unit 5, Chicago, IL",1 Bed,River North,41.890923,-87.6368103
"509 Orleans N St Unit 609, Chicago, IL","$3,139","509 Orleans N St Unit 609, Chicago, IL",2 Bed,River North,41.891177,-87.63678829999999
"8 E Randolph St Unit 24-04, Chicago, IL","$3,300","8 E Randolph St Unit 24-04, Chicago, IL",Condo for Rent,Chicago Loop,41.884653,-87.62740459999999
"200 N Dearborn St Unit 2402D, Chicago, IL","$2,800","200 N Dearborn St Unit 2402D, Chicago, IL",Condo for Rent,Chicago Loop,41.8860876,-87.6300102
"60 E Monroe St Unit 1704, Chicago, IL","$3,600","60 E Monroe St Unit 1704, Chicago, IL",Condo for Rent,Chicago Loop,41.8813202,-87.6256653
"60 E Monroe St Unit 5205, Chicago, IL","$3,400","60 E Monroe St Unit 5205, Chicago, IL",Condo for Rent,Chicago Loop,41.8813202,-87.6256653
"323 W Illinois St Unit 21-S, Chicago, IL","$1,710","323 W Illinois St Unit 21-S, Chicago, IL",Studio,River North,41.8904825,-87.63641349999999
"323 W Illinois St Unit 2102, Chicago, IL","$2,095","323 W Illinois St Unit 2102, Chicago, IL",1 Bed,River North,41.8904825,-87.63641349999999
"2316 Leavitt S St Unit 2, Chicago, IL","$1,350","2316 Leavitt S St Unit 2, Chicago, IL",3 Bed,Lower West Side,41.849768,-87.681035
"316 N Clark St Unit 1902, Chicago, IL","$2,388","316 N Clark St Unit 1902, Chicago, IL",1 Bed,River North,41.8879014,-87.63131179999999
"2015 W Race Ave Unit 2SE, Chicago, IL","$4,750","2015 W Race Ave Unit 2SE, Chicago, IL",2 Bed,West Town,41.8913631,-87.6777721
"2001 S State St Unit 3B, Chicago, IL","$1,895","2001 S State St Unit 3B, Chicago, IL",Condo for Rent,Near South Side,41.85511899999999,-87.6267314
"2046 W Grand Ave. Unit 2R, Chicago, IL","$1,500","2046 W Grand Ave. Unit 2R, Chicago, IL",Studio,West Town,41.8909846,-87.6787689
"1936 W Ohio St Unit #1, Chicago, IL","$1,700","1936 W Ohio St Unit #1, Chicago, IL",2 Bed,West Town,41.892537,-87.67599700000001
"1936 W Ohio St Unit 2, Chicago, IL","$1,500","1936 W Ohio St Unit 2, Chicago, IL",2 Bed,West Town,41.892537,-87.67599700000001
"440 Ontario W St Unit 8, Chicago, IL","$2,341","440 Ontario W St Unit 8, Chicago, IL",1 Bed,River North,41.8933532,-87.64018779999999
"1899 S Wabash Ave Unit 2s, Chicago, IL","$2,260","1899 S Wabash Ave Unit 2s, Chicago, IL",2 Bed,Near South Side,41.8564016,-87.6251144
"536 W Erie St Unit 1902, Chicago, IL","$4,679","536 W Erie St Unit 1902, Chicago, IL",3 Bed,River North,41.8942567,-87.642736
"536 W Erie St Unit 803, Chicago, IL","$2,177","536 W Erie St Unit 803, Chicago, IL",1 Bed,River North,41.8942567,-87.642736
"536 W Erie St Unit 803, Chicago, IL","$2,117","536 W Erie St Unit 803, Chicago, IL",1 Bed,River North,41.8942567,-87.642736
"536 W Erie St Unit 1907, Chicago, IL","$2,376","536 W Erie St Unit 1907, Chicago, IL",1 Bed,River North,41.8942567,-87.642736
"2152 W Hubbard St, Chicago, IL","$4,950","2152 W Hubbard St, Chicago, IL",Townhome for Rent,West Town,41.889808,-87.681416
"2015 W Ohio St Unit 1R, Chicago, IL","$1,450","2015 W Ohio St Unit 1R, Chicago, IL",2 Bed,West Town,41.8920785,-87.6776644
"1 W Wacker Dr Unit 85, Chicago, IL","$3,655","1 W Wacker Dr Unit 85, Chicago, IL",2 Bed,Chicago Loop,41.886334,-87.6283899
"510 W Erie St Unit 01002, Chicago, IL","$3,200","510 W Erie St Unit 01002, Chicago, IL",Condo for Rent,River North,41.8942221,-87.642276
"401 N Wabash Ave Unit 55E, Chicago, IL","$10,750","401 N Wabash Ave Unit 55E, Chicago, IL",Condo for Rent,River North,41.8888012,-87.6263094
"401 N Wabash Ave Unit 64G, Chicago, IL","$6,500","401 N Wabash Ave Unit 64G, Chicago, IL",Condo for Rent,River North,41.8888012,-87.6263094
"233 E 13th St Unit 508, Chicago, IL","$2,200","233 E 13th St Unit 508, Chicago, IL",Condo for Rent,Near South Side,41.8654277,-87.6208362
"2510 W Washington Blvd, Chicago, IL","$2,950","2510 W Washington Blvd, Chicago, IL",House for Rent,Near West Side,41.8832416,-87.68905409999999
"2705 W Lexington St Unit 2, Chicago, IL","$1,450","2705 W Lexington St Unit 2, Chicago, IL",3 Bed,Garfield Park,41.8717802,-87.6939156
"1511 S Indiana Ave Unit G, Chicago, IL","$3,200","1511 S Indiana Ave Unit G, Chicago, IL",Condo for Rent,Near South Side,41.861754,-87.621585
"709 28th W St Unit 709, Chicago, IL","$1,100","709 28th W St Unit 709, Chicago, IL",1 Bed,Bridgeport,41.8434461,-87.6444559
"2216 W 24th St Unit 1, Chicago, IL","$1,350","2216 W 24th St Unit 1, Chicago, IL",2 Bed,Lower West Side,41.8487281,-87.6813817
"130 N Garland Ct Unit 1704, Chicago, IL","$2,250","130 N Garland Ct Unit 1704, Chicago, IL",Condo for Rent,Chicago Loop,41.8840059,-87.6257667
"1629 S Prairie Ave Unit #2002, Chicago, IL","$3,400","1629 S Prairie Ave Unit #2002, Chicago, IL",Condo for Rent,Near South Side,41.8594665,-87.62038609999999
"1521 S Indiana Ave Unit M, Chicago, IL","$2,600","1521 S Indiana Ave Unit M, Chicago, IL",Condo for Rent,Near South Side,41.86162179999999,-87.6221923
"33 E Lake St Unit 1609, Chicago, IL","$3,039","33 E Lake St Unit 1609, Chicago, IL",2 Bed,Chicago Loop,41.8855492,-87.62676119999999
"156 N Wabash Ave Unit 611, Chicago, IL","$1,715","156 N Wabash Ave Unit 611, Chicago, IL",Studio,Chicago Loop,41.8848298,-87.62648930000002
"420 N Clark St Unit 1602, Chicago, IL","$2,081","420 N Clark St Unit 1602, Chicago, IL",1 Bed,River North,41.8899018,-87.6313291
"420 N Clark St Unit 81-C, Chicago, IL","$1,984","420 N Clark St Unit 81-C, Chicago, IL",1 Bed,River North,41.8899018,-87.6313291
"2318 S Oakley Ave Unit 1, Chicago, IL","$1,400","2318 S Oakley Ave Unit 1, Chicago, IL",1 Bed,Heart of Italy,41.84962910000001,-87.6834002
"870 N Milwaukee Ave Unit 0204, Chicago, IL","$2,600","870 N Milwaukee Ave Unit 0204, Chicago, IL",Condo for Rent,Pulaski Park,41.8975874,-87.65784219999999
"870 N Milwaukee Ave Unit #204, Chicago, IL","$2,700","870 N Milwaukee Ave Unit #204, Chicago, IL",Condo for Rent,Pulaski Park,41.8975874,-87.65784219999999
"1010 W Fry St Unit 1, Chicago, IL","$4,000","1010 W Fry St Unit 1, Chicago, IL",3 Bed,West Town,41.897507,-87.65240399999999
"644 N Orleans St Unit 1612, Chicago, IL","$2,667","644 N Orleans St Unit 1612, Chicago, IL",1 Bed,River North,41.89367120000001,-87.6372698
"91 W Hubbard St Unit 0s, Chicago, IL","$1,685","91 W Hubbard St Unit 0s, Chicago, IL",Studio,River North,41.88979490000001,-87.630969
"435 N Clark St Unit 2910, Chicago, IL","$1,868","435 N Clark St Unit 2910, Chicago, IL",Studio,River North,41.8902505,-87.6307448
"110 W Illinois St Unit 21, Chicago, IL","$3,295","110 W Illinois St Unit 21, Chicago, IL",2 Bed,River North,41.8909757,-87.6316882
"116 W Illinois St Unit 1-1, Chicago, IL","$2,399","116 W Illinois St Unit 1-1, Chicago, IL",1 Bed,River North,41.8910136,-87.6320186
"839 N Marshfield Ave Unit 1EAST, Chicago, IL","$2,200","839 N Marshfield Ave Unit 1EAST, Chicago, IL",Condo for Rent,West Town,41.8972269,-87.668223
"1400 W Chestnut St Unit 1, Chicago, IL","$3,600","1400 W Chestnut St Unit 1, Chicago, IL",Condo for Rent,Pulaski Park,41.898219,-87.6626
"1910 S Indiana Ave Unit #423, Chicago, IL","$2,400","1910 S Indiana Ave Unit #423, Chicago, IL",Condo for Rent,Near South Side,41.8559253,-87.6227556
"1422 W Chestnut St Unit 1F, Chicago, IL","$2,550","1422 W Chestnut St Unit 1F, Chicago, IL",3 Bed,Pulaski Park,41.8981479,-87.66341349999999
"2806 S Normal Ave Unit 1st/F, Chicago, IL","$1,100","2806 S Normal Ave Unit 1st/F, Chicago, IL",2 Bed,Bridgeport,41.8433317,-87.64007749999999
"2007 W Superior St Unit 02, Chicago, IL","$2,800","2007 W Superior St Unit 02, Chicago, IL",Condo for Rent,West Town,41.8946412,-87.6774721
"230 Michigan N Ave Unit 1308, Chicago, IL","$2,928","230 Michigan N Ave Unit 1308, Chicago, IL",2 Bed,Chicago Loop,41.8865731,-87.62490199999999
"2971 S Lyman St Unit 2, Chicago, IL","$1,500","2971 S Lyman St Unit 2, Chicago, IL",2 Bed,Bridgeport,41.8400881,-87.6547542
"1443 W Walton St Unit G, Chicago, IL","$1,500","1443 W Walton St Unit G, Chicago, IL",Condo for Rent,Pulaski Park,41.898598,-87.664108
"2336 W 24th Pl Unit 2, Chicago, IL","$1,750","2336 W 24th Pl Unit 2, Chicago, IL",2 Bed,Heart of Italy,41.8477054,-87.68452560000001
"310 Michigan Ave Unit 4307, Chicago, IL","$1,669","310 Michigan Ave Unit 4307, Chicago, IL",1 Bed,Chicago Loop,41.8872055,-87.6250199
"331 Superior W St Unit 1602, Chicago, IL","$2,200","331 Superior W St Unit 1602, Chicago, IL",1 Bed,River North,41.8953129,-87.6369381
"237 26th W St Unit 2F, Chicago, IL","$1,300","237 26th W St Unit 2F, Chicago, IL",3 Bed,Armour Square,41.8453688,-87.63333349999999
"5 S Columbus Dr Unit 07109, Chicago, IL","$2,200","5 S Columbus Dr Unit 07109, Chicago, IL",Condo for Rent,Chicago Loop,41.88261019999999,-87.620989
"225 W Huron St Unit 614, Chicago, IL","$2,680","225 W Huron St Unit 614, Chicago, IL",1 Bed,River North,41.8945484,-87.6353881
"2216 S Michigan Ave Unit 610, Chicago, IL","$1,865","2216 S Michigan Ave Unit 610, Chicago, IL",1 Bed,Near South Side,41.8524093,-87.6239413
"925 N Ashland Ave Unit UA-2R, Chicago, IL","$1,800","925 N Ashland Ave Unit UA-2R, Chicago, IL",2 Bed,Pulaski Park,41.8986877,-87.66711269999999
"2301 W 25th St Unit 2, Chicago, IL","$1,300","2301 W 25th St Unit 2, Chicago, IL",3 Bed,Heart of Italy,41.8463959,-87.6832117
"903 N Halsted St Unit 5, Chicago, IL","$2,431","903 N Halsted St Unit 5, Chicago, IL",1 Bed,Goose Island,41.8988213,-87.6477282
"2035 S Indiana Ave Unit 211, Chicago, IL","$1,600","2035 S Indiana Ave Unit 211, Chicago, IL",Condo for Rent,Near South Side,41.8547689,-87.62182779999999
"1823 S Fairfield Ave Unit 1, Chicago, IL","$1,650","1823 S Fairfield Ave Unit 1, Chicago, IL",3 Bed,Marshall Square,41.8566988,-87.6940157
"159 W Erie St Unit 132, Chicago, IL","$3,521","159 W Erie St Unit 132, Chicago, IL",2 Bed,River North,41.893786,-87.6334978
"412 W Chicago Ave Unit 129, Chicago, IL","$3,660","412 W Chicago Ave Unit 129, Chicago, IL",2 Bed,Cabrini-Green,41.8969783,-87.6392599
"412 W Chicago Ave Unit 129-1D, Chicago, IL","$2,670","412 W Chicago Ave Unit 129-1D, Chicago, IL",1 Bed,Cabrini-Green,41.8969783,-87.6392599
"837 N Wolcott Ave Unit #1, Chicago, IL","$3,200","837 N Wolcott Ave Unit #1, Chicago, IL",3 Bed,West Town,41.8970211,-87.6743879
"2824 W Van Buren St Unit 101, Chicago, IL","$2,200","2824 W Van Buren St Unit 101, Chicago, IL",Condo for Rent,Garfield Park,41.876227,-87.69713700000001
"2824 W Van Buren St Unit 201, Chicago, IL","$2,250","2824 W Van Buren St Unit 201, Chicago, IL",Condo for Rent,Garfield Park,41.876227,-87.69713700000001
"2824 W Van Buren St Unit 301, Chicago, IL","$2,300","2824 W Van Buren St Unit 301, Chicago, IL",Condo for Rent,Garfield Park,41.876227,-87.69713700000001
"755 N Orleans St Unit 609, Chicago, IL","$3,000","755 N Orleans St Unit 609, Chicago, IL",Condo for Rent,River North,41.8960391,-87.63714829999999
"700 N LaSalle Dr Unit 125, Chicago, IL","$3,300","700 N LaSalle Dr Unit 125, Chicago, IL",2 Bed,River North,41.8950618,-87.6329418
"641 Clark N St Unit 1, Chicago, IL","$4,139","641 Clark N St Unit 1, Chicago, IL",3 Bed,River North,41.89377899999999,-87.63085939999999
"700 N LaSalle Dr Unit 125-2, Chicago, IL","$3,300","700 N LaSalle Dr Unit 125-2, Chicago, IL",2 Bed,River North,41.8950618,-87.6329418
"847 N Larrabee St Unit 3R, Chicago, IL","$2,520","847 N Larrabee St Unit 3R, Chicago, IL",2 Bed,Cabrini-Green,41.898114,-87.642676
"2168 S Indiana Ave Unit 1l, Chicago, IL","$1,990","2168 S Indiana Ave Unit 1l, Chicago, IL",1 Bed,Near South Side,41.8528986,-87.6222138
"2168 S Indiana Ave Unit 2s, Chicago, IL","$2,365","2168 S Indiana Ave Unit 2s, Chicago, IL",2 Bed,Near South Side,41.8528986,-87.6222138
"2168 S Indiana Ave Unit 2l, Chicago, IL","$2,730","2168 S Indiana Ave Unit 2l, Chicago, IL",2 Bed,Near South Side,41.8528986,-87.6222138
"2651 W 21st St Unit 1, Chicago, IL","$1,200","2651 W 21st St Unit 1, Chicago, IL",3 Bed,Marshall Square,41.85357,-87.6925995
"2323 S Wabash Ave Unit 5, Chicago, IL","$3,200","2323 S Wabash Ave Unit 5, Chicago, IL",Condo for Rent,Near South Side,41.8501468,-87.62494699999999
"825 N Hudson Ave Unit 4b, Chicago, IL","$3,214","825 N Hudson Ave Unit 4b, Chicago, IL",2 Bed,Cabrini-Green,41.8974481,-87.6395718
"873 N Larrabee St Unit #503, Chicago, IL","$2,900","873 N Larrabee St Unit #503, Chicago, IL",Condo for Rent,Cabrini-Green,41.8986394,-87.64269650000001
"224 N Michigan Ave Unit 611, Chicago, IL","$1,670","224 N Michigan Ave Unit 611, Chicago, IL",Studio,Chicago Loop,41.8864545,-87.624764
"33 W Ontario St Unit 47C*, Chicago, IL","$2,075","33 W Ontario St Unit 47C*, Chicago, IL",Condo for Rent,River North,41.893042,-87.62924699999999
"151 E Wacker Dr Unit 3004, Chicago, IL","$1,800","151 E Wacker Dr Unit 3004, Chicago, IL",1 Bed,Chicago Loop,41.8877218,-87.6228383
"151 Wacker E Dr Unit 202, Chicago, IL","$1,409","151 Wacker E Dr Unit 202, Chicago, IL",1 Bed,Chicago Loop,41.8877218,-87.6228383
"600 N State St Unit 1608, Chicago, IL","$1,659","600 N State St Unit 1608, Chicago, IL",Studio,River North,41.8928736,-87.62835059999999
"2145 W Chicago Ave Unit 1, Chicago, IL","$1,800","2145 W Chicago Ave Unit 1, Chicago, IL",3 Bed,West Town,41.8956431,-87.68125669999999
"222 N Columbus Dr Unit 4609, Chicago, IL","$3,050","222 N Columbus Dr Unit 4609, Chicago, IL",2 Bed,Chicago Loop,41.8865605,-87.6215903
"226 Columbus N Dr Unit 0s, Chicago, IL","$1,685","226 Columbus N Dr Unit 0s, Chicago, IL",Studio,Chicago Loop,41.8871877,-87.6207905
"1229 W 31st St Unit 1, Chicago, IL","$1,375","1229 W 31st St Unit 1, Chicago, IL",2 Bed,Bridgeport,41.8376807,-87.6571304
"2931 S Canal St Unit 1F, Chicago, IL","$1,000","2931 S Canal St Unit 1F, Chicago, IL",2 Bed,Bridgeport,41.84085229999999,-87.6375477
"201 E Illinois St Unit 1709, Chicago, IL","$2,199","201 E Illinois St Unit 1709, Chicago, IL",1 Bed,Streeterville,41.8907095,-87.6210026
"472 Erie W St Unit 1102, Chicago, IL","$4,740","472 Erie W St Unit 1102, Chicago, IL",3 Bed,River North,41.894073,-87.641128
"857 N Hoyne Ave Unit 1, Chicago, IL","$1,830","857 N Hoyne Ave Unit 1, Chicago, IL",2 Bed,West Town,41.8975514,-87.67924269999999
"816 N Leavitt St Unit 1F, Chicago, IL","$1,600","816 N Leavitt St Unit 1F, Chicago, IL",Condo for Rent,West Town,41.8964348,-87.6822195
"300 E North Water St Unit 1305, Chicago, IL","$2,995","300 E North Water St Unit 1305, Chicago, IL",2 Bed,Streeterville,41.890273,-87.61993439999999
"300 E North Water St Unit 2002, Chicago, IL","$2,250","300 E North Water St Unit 2002, Chicago, IL",1 Bed,Streeterville,41.890273,-87.61993439999999
"2933 W Adams St Unit 1, Chicago, IL","$1,375","2933 W Adams St Unit 1, Chicago, IL",2 Bed,Garfield Park,41.8780941,-87.6999884
"2750 W Cermak Rd Unit 3F, Chicago, IL","$1,425","2750 W Cermak Rd Unit 3F, Chicago, IL",2 Bed,Marshall Square,41.8521426,-87.69502229999999
"820 N LaSalle Dr Unit 11-1, Chicago, IL","$2,273","820 N LaSalle Dr Unit 11-1, Chicago, IL",1 Bed,Near North,41.8973002,-87.6330205
"820 N LaSalle Dr Unit 2902, Chicago, IL","$1,747","820 N LaSalle Dr Unit 2902, Chicago, IL",Studio,Near North,41.8973002,-87.6330205
"725 W 34th St Unit 1, Chicago, IL","$1,950","725 W 34th St Unit 1, Chicago, IL",Condo for Rent,Bridgeport,41.8324443,-87.6447484
"2652 W 23rd Pl Unit 2, Chicago, IL","$1,795","2652 W 23rd Pl Unit 2, Chicago, IL",3 Bed,Marshall Square,41.849433,-87.6925838
"2652 W 23rd Pl Unit 3, Chicago, IL","$1,695","2652 W 23rd Pl Unit 3, Chicago, IL",3 Bed,Marshall Square,41.849433,-87.6925838
"3008 W Flournoy St Unit 3, Chicago, IL","$1,350","3008 W Flournoy St Unit 3, Chicago, IL",Condo for Rent,Garfield Park,41.8730943,-87.7014244
"2650 W 23rd Pl Unit 3, Chicago, IL","$1,795","2650 W 23rd Pl Unit 3, Chicago, IL",3 Bed,Marshall Square,41.849474,-87.69249599999999
"525 N Michigan Ave Unit 1512F, Chicago, IL","$1,750","525 N Michigan Ave Unit 1512F, Chicago, IL",Condo for Rent,Streeterville,41.8915274,-87.62383229999999
"2550 S Wabash Ave Unit 207, Chicago, IL","$3,350","2550 S Wabash Ave Unit 207, Chicago, IL",3 Bed,Near South Side,41.8457887,-87.6258105
"710 N State St Unit 2303, Chicago, IL","$2,645","710 N State St Unit 2303, Chicago, IL",2 Bed,River North,41.8951622,-87.62840279999999
"2726 W 23rd St Unit 2, Chicago, IL","$1,100","2726 W 23rd St Unit 2, Chicago, IL",1 Bed,Marshall Square,41.8502986,-87.69410380000001
"439 E Erie St Unit 5201, Chicago, IL","$1,685","439 E Erie St Unit 5201, Chicago, IL",Studio,Streeterville,41.8939463,-87.61652169999999
"1101 N Marshfield Ave Unit 2REAR, Chicago, IL","$1,650","1101 N Marshfield Ave Unit 2REAR, Chicago, IL",Condo for Rent,West Town,41.90235790000001,-87.6684203
"2862 W 21st St Unit 1R, Chicago, IL","$1,295","2862 W 21st St Unit 1R, Chicago, IL",2 Bed,Marshall Square,41.8539478,-87.6979503
"751 N State St Unit 08, Chicago, IL","$3,363","751 N State St Unit 08, Chicago, IL",2 Bed,River North,41.8963676,-87.6279868
"3235 S Racine Ave Unit 3F, Chicago, IL","$1,150","3235 S Racine Ave Unit 3F, Chicago, IL",2 Bed,Bridgeport,41.8350513,-87.65566609999999
"865 LaSalle N Dr Unit 1s, Chicago, IL","$1,960","865 LaSalle N Dr Unit 1s, Chicago, IL",1 Bed,Near North,41.8985578,-87.6324916
"848 N Oakley Blvd Unit 002, Chicago, IL","$2,100","848 N Oakley Blvd Unit 002, Chicago, IL",3 Bed,West Town,41.8972217,-87.6847186
"2853 W 21st Pl Unit 1R, Chicago, IL","$1,200","2853 W 21st Pl Unit 1R, Chicago, IL",2 Bed,Marshall Square,41.8526198,-87.69752400000002
"118 E Erie St Unit 18B, Chicago, IL","$6,500","118 E Erie St Unit 18B, Chicago, IL",Condo for Rent,River North,41.8942887,-87.6246388
"1237 W 32nd Pl Unit grdr, Chicago, IL","$1,200","1237 W 32nd Pl Unit grdr, Chicago, IL",1 Bed,Bridgeport,41.8349976,-87.65738019999999
"2937 W Washington Blvd Unit 2, Chicago, IL","$1,150","2937 W Washington Blvd Unit 2, Chicago, IL",3 Bed,Garfield Park,41.882628,-87.7002874
"1611 W Division St Unit 1105, Chicago, IL","$2,165","1611 W Division St Unit 1105, Chicago, IL",1 Bed,West Town,41.9031445,-87.66801819999999
"1611 W Division St Unit 606, Chicago, IL","$2,195","1611 W Division St Unit 606, Chicago, IL",1 Bed,West Town,41.9031445,-87.66801819999999
"3133 S Parnell Ave Unit 3, Chicago, IL","$1,400","3133 S Parnell Ave Unit 3, Chicago, IL",2 Bed,Bridgeport,41.8371078,-87.6399119
"300 E Illinois St Unit 303, Chicago, IL","$3,200","300 E Illinois St Unit 303, Chicago, IL",2 Bed,Streeterville,41.8912161,-87.6199899
"455 Park N Dr Unit 0309, Chicago, IL","$2,524","455 Park N Dr Unit 0309, Chicago, IL",1 Bed,Streeterville,41.8898514,-87.6190551
"1034 Orleans N Ct, Chicago, IL","$5,000","1034 Orleans N Ct, Chicago, IL",Townhome for Rent,Near North Side,41.9014363,-87.63754209999999
"460 E Waterside Dr Unit 1806, Chicago, IL","$2,600","460 E Waterside Dr Unit 1806, Chicago, IL",Condo for Rent,Chicago Loop,41.8869176,-87.6153665
"100 E Huron St Unit 4303, Chicago, IL","$10,000","100 E Huron St Unit 4303, Chicago, IL",Condo for Rent,Streeterville,41.8935881,-87.62386920000002
"2215 W Augusta Blvd Unit 2E, Chicago, IL","$2,400","2215 W Augusta Blvd Unit 2E, Chicago, IL",Condo for Rent,West Town,41.8991764,-87.682661
"195 N Harbor Dr Unit 5407, Chicago, IL","$2,000","195 N Harbor Dr Unit 5407, Chicago, IL",Condo for Rent,Chicago Loop,41.8855212,-87.6146956
"195 N Harbor Dr Unit #1109, Chicago, IL","$1,600","195 N Harbor Dr Unit #1109, Chicago, IL",Condo for Rent,Chicago Loop,41.8855212,-87.6146956
"2907 Fulton W St Unit 2, Chicago, IL","$1,750","2907 Fulton W St Unit 2, Chicago, IL",2 Bed,Garfield Park,41.8863722,-87.69926939999999
"3232 S Union Ave Unit 1, Chicago, IL","$1,250","3232 S Union Ave Unit 1, Chicago, IL",2 Bed,Bridgeport,41.8352367,-87.6440557
"2100 S Marshall Blvd Unit 708, Chicago, IL","$1,500","2100 S Marshall Blvd Unit 708, Chicago, IL",2 Bed,Marshall Square,41.8534966,-87.6999316
"2100 S Marshall Blvd Unit 602, Chicago, IL","$1,800","2100 S Marshall Blvd Unit 602, Chicago, IL",2 Bed,Marshall Square,41.8534966,-87.6999316
"450 E Waterside Dr Unit 709, Chicago, IL","$3,000","450 E Waterside Dr Unit 709, Chicago, IL",Condo for Rent,Chicago Loop,41.887094,-87.61537779999999
"600 N Fairbanks Ct Unit 03201, Chicago, IL","$6,500","600 N Fairbanks Ct Unit 03201, Chicago, IL",Condo for Rent,Streeterville,41.8930002,-87.6206148
"1034 N Wells St Unit 1001, Chicago, IL","$3,123","1034 N Wells St Unit 1001, Chicago, IL",2 Bed,Near North,41.9018199,-87.6355265
"3127 W 15th St Unit 1 fl rear, Chicago, IL",$925,"3127 W 15th St Unit 1 fl rear, Chicago, IL",2 Bed,North Lawndale,41.86104880000001,-87.7041562
"1901 W Division St Unit #3N, Chicago, IL","$3,995","1901 W Division St Unit #3N, Chicago, IL",Condo for Rent,West Town,41.902927,-87.675005
"622 N Fairbanks Ct Unit 3816, Chicago, IL","$1,675","622 N Fairbanks Ct Unit 3816, Chicago, IL",1 Bed,Streeterville,41.8931592,-87.620536
"457 E Ohio St Unit 1s, Chicago, IL","$1,675","457 E Ohio St Unit 1s, Chicago, IL",1 Bed,Streeterville,41.8924583,-87.61579139999999
"2415 W Walton St Unit 2R, Chicago, IL","$1,550","2415 W Walton St Unit 2R, Chicago, IL",2 Bed,West Town,41.8982684,-87.6875799
"1215 N Wolcott Ave Unit 1, Chicago, IL","$4,295","1215 N Wolcott Ave Unit 1, Chicago, IL",4 Bed,West Town,41.9037201,-87.6745445
"1261 N Paulina St Unit 003, Chicago, IL","$4,200","1261 N Paulina St Unit 003, Chicago, IL",Condo for Rent,West Town,41.905004,-87.669489
"323 E Ontario St Unit 18, Chicago, IL","$1,888","323 E Ontario St Unit 18, Chicago, IL",1 Bed,Streeterville,41.8932526,-87.6193088
"345 E Eastgate Pl Unit 503, Chicago, IL","$1,350","345 E Eastgate Pl Unit 503, Chicago, IL",Condo for Rent,Near South Side,41.8465011,-87.6186106
"204 W Hill St Unit 912, Chicago, IL","$2,025","204 W Hill St Unit 912, Chicago, IL",Studio,Near North,41.9022538,-87.6353565
"111 E Chestnut St Unit 33A, Chicago, IL","$4,100","111 E Chestnut St Unit 33A, Chicago, IL",Condo for Rent,Streeterville,41.8978884,-87.62519379999999
"356 E Ohio St Unit 12-C, Chicago, IL","$2,343","356 E Ohio St Unit 12-C, Chicago, IL",1 Bed,Streeterville,41.8927377,-87.6183379
"50 E Chestnut St Unit 1401*, Chicago, IL","$17,000","50 E Chestnut St Unit 1401*, Chicago, IL",Condo for Rent,Streeterville,41.8985897,-87.6261037
"1534 N Kedzie Ave Unit 3G, Chicago, IL","$1,250","1534 N Kedzie Ave Unit 3G, Chicago, IL",1 Bed,West Town,41.90943980000001,-87.7074279
"1524 N Kedzie Ave Unit 2, Chicago, IL","$1,395","1524 N Kedzie Ave Unit 2, Chicago, IL",1 Bed,Humboldt Park,41.90905100000001,-87.7072323
"1317 N Larrabee St Unit 305, Chicago, IL","$4,300","1317 N Larrabee St Unit 305, Chicago, IL",Condo for Rent,Cabrini-Green,41.9053523,-87.6430383
"2020 W Division St Unit 2, Chicago, IL","$3,300","2020 W Division St Unit 2, Chicago, IL",3 Bed,West Town,41.90334989999999,-87.67819469999999
"415 E North Water St Unit 802, Chicago, IL","$3,700","415 E North Water St Unit 802, Chicago, IL",Condo for Rent,Streeterville,41.8892191,-87.6164823
"1400 N Halsted St Unit 611, Chicago, IL","$2,401","1400 N Halsted St Unit 611, Chicago, IL",1 Bed,Goose Island,41.9064842,-87.6485376
"205 E Chestnut St Unit 1, Chicago, IL","$1,610","205 E Chestnut St Unit 1, Chicago, IL",1 Bed,Streeterville,41.8979405,-87.6239891
"205 E Chestnut St Unit S, Chicago, IL","$1,415","205 E Chestnut St Unit S, Chicago, IL",Studio,Streeterville,41.8979405,-87.6239891
"1347 N Ashland Ave Unit 2N, Chicago, IL","$3,100","1347 N Ashland Ave Unit 2N, Chicago, IL",Condo for Rent,Pulaski Park,41.906533,-87.66736499999999
"2346 S Marshall Blvd Unit 2, Chicago, IL","$1,200","2346 S Marshall Blvd Unit 2, Chicago, IL",2 Bed,Marshall Square,41.8486719,-87.699604
"2253 S Whipple St Unit G, Chicago, IL","$1,500","2253 S Whipple St Unit G, Chicago, IL",3 Bed,Marshall Square,41.8502867,-87.70130759999999
"2253 Whipple S St Unit 1, Chicago, IL","$1,575","2253 Whipple S St Unit 1, Chicago, IL",3 Bed,Marshall Square,41.8502867,-87.70130759999999
"1243 N Damen Ave Unit 1FR, Chicago, IL","$1,900","1243 N Damen Ave Unit 1FR, Chicago, IL",Condo for Rent,West Town,41.9045061,-87.67700970000001
"2901 S Michigan Ave Unit 404, Chicago, IL","$1,350","2901 S Michigan Ave Unit 404, Chicago, IL",Condo for Rent,South Commons,41.8417533,-87.6229125
"1421 Halsted N St Unit 4s, Chicago, IL","$2,250","1421 Halsted N St Unit 4s, Chicago, IL",Condo for Rent,Goose Island,41.9070575,-87.6479061
"645 N McClurg Ct Unit 32-1, Chicago, IL","$2,140","645 N McClurg Ct Unit 32-1, Chicago, IL",1 Bed,Streeterville,41.8942393,-87.61855849999999
"1424 N Halsted St Unit 501, Chicago, IL","$3,800","1424 N Halsted St Unit 501, Chicago, IL",2 Bed,Goose Island,41.9073162,-87.6484017
"3336 S Parnell Ave Unit 3rd floor, Chicago, IL","$1,500","3336 S Parnell Ave Unit 3rd floor, Chicago, IL",3 Bed,Bridgeport,41.8333634,-87.6403986
"723 W 34th St Unit 1, Chicago, IL","$1,875","723 W 34th St Unit 1, Chicago, IL",Condo for Rent,Bridgeport,41.8324513,-87.64469179999999
"340 Superior E St Unit 1309, Chicago, IL","$2,630","340 Superior E St Unit 1309, Chicago, IL",1 Bed,River North,41.8957819,-87.6377244
"340 Superior E St Unit 211, Chicago, IL","$2,553","340 Superior E St Unit 211, Chicago, IL",1 Bed,Streeterville,41.89607609999999,-87.6187803
"848 W Eastman St Unit 102, Chicago, IL","$4,093","848 W Eastman St Unit 102, Chicago, IL",2 Bed,Goose Island,41.9074027,-87.650791
"848 W Eastman St Unit 102, Chicago, IL","$3,857","848 W Eastman St Unit 102, Chicago, IL",2 Bed,Goose Island,41.9074027,-87.650791
"530 N Lake Shore Dr Unit 3004, Chicago, IL","$4,200","530 N Lake Shore Dr Unit 3004, Chicago, IL",2 Bed,Streeterville,41.8921349,-87.6149739
"222 E Pearson St Unit #1503, Chicago, IL","$1,850","222 E Pearson St Unit #1503, Chicago, IL",Condo for Rent,Streeterville,41.8979023,-87.620689
"3207 W Washington Blvd Unit 4, Chicago, IL","$1,800","3207 W Washington Blvd Unit 4, Chicago, IL",Condo for Rent,Garfield Park,41.8824856,-87.7065142
"201 E Chestnut St Unit 215-4, Chicago, IL","$1,840","201 E Chestnut St Unit 215-4, Chicago, IL",1 Bed,Streeterville,41.898127,-87.621595
"1500 Spaulding S Ave Unit 1, Chicago, IL","$1,250","1500 Spaulding S Ave Unit 1, Chicago, IL",3 Bed,North Lawndale,41.8607726,-87.7083038
"451 E Erie St Unit 2s, Chicago, IL","$3,200","451 E Erie St Unit 2s, Chicago, IL",2 Bed,Streeterville,41.8939479,-87.6162828
"2941 25th W St Unit 1, Chicago, IL","$1,800","2941 25th W St Unit 1, Chicago, IL",4 Bed,Marshall Square,41.84625339999999,-87.69942119999999
"2313 Albany S Ave Unit 1, Chicago, IL",$730,"2313 Albany S Ave Unit 1, Chicago, IL",1 Bed,Marshall Square,41.8495338,-87.70245179999999
"2136 W Crystal St Unit 2, Chicago, IL","$2,600","2136 W Crystal St Unit 2, Chicago, IL",Condo for Rent,West Town,41.9043147,-87.6812494
"1645 N Ogden Ave Unit 0615, Chicago, IL","$2,000","1645 N Ogden Ave Unit 0615, Chicago, IL",Condo for Rent,West Town,41.8928637,-87.657082
"680 N Lake Shore Dr Unit 1504, Chicago, IL","$1,895","680 N Lake Shore Dr Unit 1504, Chicago, IL",1 Bed,Streeterville,41.8946708,-87.61777649999999
"1150 N Dearborn St Unit 2610, Chicago, IL","$1,700","1150 N Dearborn St Unit 2610, Chicago, IL",1 Bed,Rush & Division,41.9033031,-87.63031959999999
"3001 S Michigan Ave Unit 1904, Chicago, IL","$1,250","3001 S Michigan Ave Unit 1904, Chicago, IL",Condo for Rent,South Commons,41.8400715,-87.6223539
"159 E Walton Pl Unit 005G, Chicago, IL","$10,000","159 E Walton Pl Unit 005G, Chicago, IL",Condo for Rent,Streeterville,41.8998456,-87.6233405
"1120 N State St Unit 24-S, Chicago, IL","$1,592","1120 N State St Unit 24-S, Chicago, IL",Studio,Rush & Division,41.9026058,-87.6288577
"1220 N LaSalle Dr Unit 3D, Chicago, IL","$1,495","1220 N LaSalle Dr Unit 3D, Chicago, IL",Studio,Near North Side,41.9046068,-87.63340649999999
"1445 N Bosworth Ave Unit 1, Chicago, IL","$1,900","1445 N Bosworth Ave Unit 1, Chicago, IL",2 Bed,Pulaski Park,41.9083231,-87.6661479
"950 N Michigan Ave Unit 4304, Chicago, IL","$6,950","950 N Michigan Ave Unit 4304, Chicago, IL",Condo for Rent,Streeterville,41.9003994,-87.6246803
"950 N Michigan Ave Unit 4101, Chicago, IL","$4,600","950 N Michigan Ave Unit 4101, Chicago, IL",Condo for Rent,Streeterville,41.9003994,-87.6246803
"1846 S Sawyer Ave Unit 2F, Chicago, IL","$1,200","1846 S Sawyer Ave Unit 2F, Chicago, IL",3 Bed,North Lawndale,41.8559052,-87.70685069999999
"850 N Dewitt Pl Unit 04f, Chicago, IL","$1,663","850 N Dewitt Pl Unit 04f, Chicago, IL",1 Bed,Streeterville,41.8982232,-87.62075899999999
"850 N Dewitt Pl Unit 11B, Chicago, IL","$1,650","850 N Dewitt Pl Unit 11B, Chicago, IL",Condo for Rent,Streeterville,41.8982232,-87.62075899999999
"1501 N Halsted St Unit 1901, Chicago, IL","$4,615","1501 N Halsted St Unit 1901, Chicago, IL",2 Bed,Goose Island,41.9088641,-87.648006
"3316 Hamilton S Ave Unit 2, Chicago, IL","$1,000","3316 Hamilton S Ave Unit 2, Chicago, IL",1 Bed,McKinley Park,41.8333828,-87.6793027
"860 W Blackhawk St Unit 01006, Chicago, IL","$3,350","860 W Blackhawk St Unit 01006, Chicago, IL",Condo for Rent,Goose Island,41.9087291,-87.6506294
"1918 S Sawyer Ave Unit 2, Chicago, IL","$1,500","1918 S Sawyer Ave Unit 2, Chicago, IL",3 Bed,North Lawndale,41.85481040000001,-87.7068989
"1507 Elston N Ave Unit 1, Chicago, IL","$1,200","1507 Elston N Ave Unit 1, Chicago, IL",1 Bed,Pulaski Park,41.9093358,-87.66098210000001
"1401 N Wicker Park Ave Unit 1, Chicago, IL","$2,050","1401 N Wicker Park Ave Unit 1, Chicago, IL",3 Bed,West Town,41.907413,-87.674572
"1222 S Homan Ave Unit 1, Chicago, IL","$1,200","1222 S Homan Ave Unit 1, Chicago, IL",3 Bed,North Lawndale,41.8655877,-87.7107923
"227 E Delaware Pl Unit 75-1, Chicago, IL","$1,772","227 E Delaware Pl Unit 75-1, Chicago, IL",1 Bed,Streeterville,41.8990726,-87.6206048
"322 W Evergreen Ave Unit 2, Chicago, IL","$1,995","322 W Evergreen Ave Unit 2, Chicago, IL",2 Bed,Near North Side,41.9068427,-87.6375045
"1513 Clybourn N Ave Unit C, Chicago, IL","$3,500","1513 Clybourn N Ave Unit C, Chicago, IL",3 Bed,Goose Island,41.909115,-87.646391
"260 E Chestnut St Unit 1608, Chicago, IL","$1,525","260 E Chestnut St Unit 1608, Chicago, IL",Condo for Rent,Streeterville,41.89882619999999,-87.61960049999999
"260 E Chestnut St Unit 44011, Chicago, IL","$2,650","260 E Chestnut St Unit 44011, Chicago, IL",Condo for Rent,Streeterville,41.8986644,-87.6196021
"1630 W Le Moyne St Unit 1F, Chicago, IL","$3,995","1630 W Le Moyne St Unit 1F, Chicago, IL",Condo for Rent,West Town,41.9091949,-87.6689098
"1442 N North Park Avenue Unit BB, Chicago, IL","$3,750","1442 N North Park Avenue Unit BB, Chicago, IL",Condo for Rent,Near North Side,41.9088487,-87.6369308
"1442 N North Park Avenue Unit B, Chicago, IL","$3,750","1442 N North Park Avenue Unit B, Chicago, IL",3 Bed,Near North Side,41.9088487,-87.6369308
"2231 S Sawyer Ave Unit 2, Chicago, IL","$1,325","2231 S Sawyer Ave Unit 2, Chicago, IL",Condo for Rent,South Lawndale,41.85084579999999,-87.7060039
"30 W Division St Unit 2e, Chicago, IL","$2,750","30 W Division St Unit 2e, Chicago, IL",Condo for Rent,Gold Coast,41.9039624,-87.6274832
"827 N Francisco Ave Unit 1, Chicago, IL","$1,900","827 N Francisco Ave Unit 1, Chicago, IL",3 Bed,West Town,41.8964928,-87.6989658
"843 N Francisco Ave Unit G1, Chicago, IL","$1,100","843 N Francisco Ave Unit G1, Chicago, IL",2 Bed,West Town,41.8969623,-87.6989207
"3353 W Warren Blvd Unit 1, Chicago, IL",$699,"3353 W Warren Blvd Unit 1, Chicago, IL",Studio,Garfield Park,41.8815944,-87.7106805
"1511 N Cleveland Ave Unit 2N, Chicago, IL","$3,249","1511 N Cleveland Ave Unit 2N, Chicago, IL",Condo for Rent,Near North Side,41.909517,-87.640593
"1647 W North Ave Unit 03, Chicago, IL","$2,390","1647 W North Ave Unit 03, Chicago, IL",2 Bed,West Town,41.910365,-87.669502
"1246 N Artesian Ave Unit 1F, Chicago, IL","$1,900","1246 N Artesian Ave Unit 1F, Chicago, IL",Condo for Rent,West Town,41.9044354,-87.6885989
"3455 W Jackson Blvd Unit 2, Chicago, IL","$1,000","3455 W Jackson Blvd Unit 2, Chicago, IL",3 Bed,Garfield Park,41.8770054,-87.7129921
"3401 S Western Blvd Unit G-N, Chicago, IL","$1,175","3401 S Western Blvd Unit G-N, Chicago, IL",Condo for Rent,McKinley Park,41.8319613,-87.6841926
"1637 N Clybourn Ave Unit CH1, Chicago, IL","$1,850","1637 N Clybourn Ave Unit CH1, Chicago, IL",Condo for Rent,Lincoln Park,41.9118747,-87.6505754
"940 W Concord Pl Unit 3, Chicago, IL","$4,750","940 W Concord Pl Unit 3, Chicago, IL",4 Bed,Lincoln Park,41.9119661,-87.6523723
"1435 N Wells St Unit 508, Chicago, IL","$2,935","1435 N Wells St Unit 508, Chicago, IL",2 Bed,Near North Side,41.9087129,-87.63434939999999
"1435 N Wells St Unit 609, Chicago, IL","$1,730","1435 N Wells St Unit 609, Chicago, IL",Studio,Near North Side,41.9087129,-87.63434939999999
"1849 W North Ave Unit #4, Chicago, IL","$3,000","1849 W North Ave Unit #4, Chicago, IL",Condo for Rent,West Town,41.9103673,-87.6745286
"1347 N Dearborn St Unit 203, Chicago, IL","$1,430","1347 N Dearborn St Unit 203, Chicago, IL",Studio,Gold Coast,41.90722179999999,-87.6296436
"501 W North Ave Unit 190, Chicago, IL","$2,095","501 W North Ave Unit 190, Chicago, IL",Studio,Near North Side,41.9107897,-87.6412022
"1352 N Western Ave Unit 2R, Chicago, IL","$1,350","1352 N Western Ave Unit 2R, Chicago, IL",1 Bed,West Town,41.9063885,-87.6874832
